timestamp,soil_moisture,soil_temp_C,soil_EC_dS_m,soil_pH,air_temp_C,rain_last_24h_mm,forecast_rain_24h_mm,crop_stage,root_zone_depth_m,field_capacity,wilting_point,root_zone_deficit_mm,IrrigateTomorrow
2025-10-01 00:00:00,0.24,22.92,0.77,6.17,16.8,0.3,4.1,flowering,0.3,0.28,0.12,12.0,0
2025-10-01 01:00:00,0.214,16.87,0.82,6.57,17.4,0.2,0.1,vegetative,0.3,0.28,0.12,19.7,0
2025-10-01 02:00:00,0.246,17.96,0.72,6.65,25.0,0.1,0.1,flowering,0.6,0.32,0.14,44.5,0
2025-10-01 03:00:00,0.281,24.23,0.57,6.84,30.3,2.0,1.3,vegetative,0.6,0.32,0.14,23.4,0
2025-10-01 04:00:00,0.211,22.51,0.74,6.97,15.0,0.7,0.3,maturity,0.3,0.28,0.12,20.8,0
2025-10-01 05:00:00,0.211,21.45,0.63,6.2,25.5,1.1,0.2,maturity,0.3,0.28,0.12,20.8,0
2025-10-01 06:00:00,0.283,22.06,0.65,6.26,25.4,0.3,0.0,maturity,0.6,0.32,0.14,22.1,0
2025-10-01 07:00:00,0.251,23.04,0.76,6.12,34.9,1.4,0.0,flowering,0.3,0.28,0.12,8.8,0
2025-10-01 08:00:00,0.201,20.38,0.82,6.43,26.1,1.4,1.5,vegetative,0.3,0.28,0.12,23.6,0
2025-10-01 09:00:00,0.242,19.67,0.7,6.64,29.9,0.4,0.1,flowering,0.3,0.28,0.12,11.5,0
2025-10-01 10:00:00,0.201,22.59,0.73,6.8,28.7,0.5,0.6,vegetative,0.6,0.32,0.14,71.1,1
2025-10-01 11:00:00,0.201,19.06,0.87,6.48,17.3,0.2,0.9,flowering,0.3,0.28,0.12,23.6,0
2025-10-01 12:00:00,0.23,23.22,0.72,6.4,31.8,3.8,0.6,flowering,0.3,0.28,0.12,15.1,0
2025-10-01 13:00:00,0.143,16.89,0.96,6.55,29.1,1.0,0.0,vegetative,0.6,0.32,0.14,105.9,1
2025-10-01 14:00:00,0.151,25.09,0.76,6.25,30.5,2.7,1.5,vegetative,0.3,0.28,0.12,38.7,1
2025-10-01 15:00:00,0.198,23.42,0.52,7.13,40.0,0.4,0.0,maturity,0.3,0.28,0.12,24.7,1
2025-10-01 16:00:00,0.179,22.77,0.78,6.02,17.6,1.5,1.4,maturity,0.3,0.28,0.12,30.2,1
2025-10-01 17:00:00,0.233,24.95,0.74,6.56,36.6,1.5,2.2,vegetative,0.6,0.32,0.14,52.5,0
2025-10-01 18:00:00,0.184,27.0,0.83,7.11,26.6,1.2,0.6,vegetative,0.3,0.28,0.12,28.9,1
2025-10-01 19:00:00,0.164,25.04,0.77,6.5,29.4,3.4,0.8,vegetative,0.6,0.32,0.14,93.9,1
2025-10-01 20:00:00,0.279,16.48,0.69,6.44,27.8,0.5,0.6,maturity,0.6,0.32,0.14,24.8,0
2025-10-01 21:00:00,0.211,18.16,0.58,6.39,25.9,0.1,0.5,vegetative,0.3,0.28,0.12,20.7,0
2025-10-01 22:00:00,0.223,20.13,0.68,6.45,25.2,1.1,2.2,flowering,0.6,0.32,0.14,58.4,1
2025-10-01 23:00:00,0.163,22.08,0.61,6.91,29.6,1.3,2.2,vegetative,0.3,0.28,0.12,35.1,1
2025-10-02 00:00:00,0.198,23.55,0.64,5.84,20.4,0.9,0.4,flowering,0.3,0.28,0.12,24.5,1
2025-10-02 01:00:00,0.224,19.82,0.76,6.96,31.8,0.2,1.0,vegetative,0.3,0.28,0.12,16.7,0
2025-10-02 02:00:00,0.174,22.56,0.87,6.07,25.9,0.7,2.6,flowering,0.3,0.28,0.12,31.8,1
2025-10-02 03:00:00,0.235,19.73,0.74,6.42,22.3,0.4,3.3,vegetative,0.3,0.28,0.12,13.5,0
2025-10-02 04:00:00,0.196,20.17,0.58,6.37,25.7,0.6,0.7,flowering,0.3,0.28,0.12,25.2,1
2025-10-02 05:00:00,0.208,17.78,0.74,6.68,34.3,1.0,0.6,vegetative,0.3,0.28,0.12,21.5,0
2025-10-02 06:00:00,0.196,19.23,0.82,6.02,25.3,1.4,0.3,flowering,0.6,0.32,0.14,74.4,1
2025-10-02 07:00:00,0.294,17.94,0.64,6.64,29.8,0.3,3.2,maturity,0.3,0.28,0.12,-4.2,0
2025-10-02 08:00:00,0.219,19.07,0.69,7.11,24.3,0.5,0.2,vegetative,0.6,0.32,0.14,60.3,1
2025-10-02 09:00:00,0.178,25.16,0.7,6.09,31.8,0.3,0.9,maturity,0.3,0.28,0.12,30.7,1
2025-10-02 10:00:00,0.253,19.15,0.62,6.56,31.4,0.2,0.3,flowering,0.3,0.28,0.12,8.1,0
2025-10-02 11:00:00,0.171,29.9,0.76,6.3,37.2,1.5,0.3,vegetative,0.3,0.28,0.12,32.7,1
2025-10-02 12:00:00,0.228,23.48,0.69,6.63,27.1,2.4,0.5,vegetative,0.3,0.28,0.12,15.5,0
2025-10-02 13:00:00,0.142,22.55,0.74,6.51,31.3,0.5,6.7,vegetative,0.3,0.28,0.12,41.5,0
2025-10-02 14:00:00,0.167,19.42,0.61,6.31,28.5,1.4,0.1,flowering,0.6,0.32,0.14,91.9,1
2025-10-02 15:00:00,0.228,24.1,0.66,6.65,34.5,2.3,0.9,flowering,0.6,0.32,0.14,55.3,1
2025-10-02 16:00:00,0.25,20.27,0.77,7.04,24.4,1.9,0.1,vegetative,0.6,0.32,0.14,42.3,0
2025-10-02 17:00:00,0.227,22.37,0.66,6.44,31.7,0.2,0.2,flowering,0.3,0.28,0.12,15.9,0
2025-10-02 18:00:00,0.215,29.68,0.87,6.72,27.0,3.1,0.6,maturity,0.6,0.32,0.14,62.8,1
2025-10-02 19:00:00,0.208,21.71,0.66,6.11,27.7,0.5,0.7,maturity,0.3,0.28,0.12,21.6,0
2025-10-02 20:00:00,0.161,25.45,0.72,6.21,28.5,0.4,0.3,flowering,0.3,0.28,0.12,35.7,1
2025-10-02 21:00:00,0.191,19.89,0.79,6.64,29.3,0.1,0.4,maturity,0.6,0.32,0.14,77.3,1
2025-10-02 22:00:00,0.202,21.9,0.56,6.95,27.4,0.7,0.1,flowering,0.6,0.32,0.14,71.1,1
2025-10-02 23:00:00,0.262,27.31,0.52,6.61,29.1,0.1,0.4,vegetative,0.3,0.28,0.12,5.3,0
2025-10-03 00:00:00,0.234,20.12,0.55,6.41,35.9,0.3,3.4,maturity,0.3,0.28,0.12,13.9,0
2025-10-03 01:00:00,0.149,27.44,0.83,6.5,32.9,0.4,2.9,vegetative,0.3,0.28,0.12,39.2,1
2025-10-03 02:00:00,0.233,24.12,0.64,6.12,32.3,1.7,0.4,vegetative,0.6,0.32,0.14,52.2,0
2025-10-03 03:00:00,0.205,20.31,0.96,6.68,25.7,2.1,0.8,vegetative,0.3,0.28,0.12,22.6,0
2025-10-03 04:00:00,0.193,23.9,0.64,6.76,23.6,0.4,2.4,maturity,0.6,0.32,0.14,76.2,1
2025-10-03 05:00:00,0.244,24.92,0.72,6.36,32.8,2.0,0.0,maturity,0.3,0.28,0.12,10.7,0
2025-10-03 06:00:00,0.261,23.87,0.85,6.36,32.4,1.9,1.7,vegetative,0.3,0.28,0.12,5.6,0
2025-10-03 07:00:00,0.257,17.29,0.9,6.58,35.4,1.4,3.0,vegetative,0.3,0.28,0.12,6.8,0
2025-10-03 08:00:00,0.186,19.82,0.91,6.37,25.0,0.2,0.1,vegetative,0.3,0.28,0.12,28.1,1
2025-10-03 09:00:00,0.208,21.26,0.82,6.48,26.9,1.2,0.2,flowering,0.3,0.28,0.12,21.7,0
2025-10-03 10:00:00,0.233,21.78,0.8,7.13,19.8,2.9,3.2,vegetative,0.6,0.32,0.14,52.0,0
2025-10-03 11:00:00,0.259,23.86,0.76,6.43,26.0,1.1,0.8,flowering,0.6,0.32,0.14,36.6,0
2025-10-03 12:00:00,0.201,22.53,0.78,6.39,33.0,0.4,0.0,vegetative,0.6,0.32,0.14,71.5,1
2025-10-03 13:00:00,0.213,17.99,0.64,6.31,25.7,0.7,0.3,vegetative,0.6,0.32,0.14,64.5,1
2025-10-03 14:00:00,0.176,23.14,0.62,6.72,31.2,1.0,0.6,vegetative,0.6,0.32,0.14,86.6,1
2025-10-03 15:00:00,0.172,23.83,0.7,6.45,27.0,0.7,1.2,vegetative,0.3,0.28,0.12,32.4,1
2025-10-03 16:00:00,0.253,23.68,0.68,6.31,29.6,0.1,1.3,maturity,0.6,0.32,0.14,40.5,0
2025-10-03 17:00:00,0.274,25.24,0.65,6.9,22.3,0.4,5.4,vegetative,0.3,0.28,0.12,1.7,0
2025-10-03 18:00:00,0.217,24.5,0.77,6.93,28.4,1.6,0.3,vegetative,0.3,0.28,0.12,18.9,0
2025-10-03 19:00:00,0.26,23.38,0.8,6.32,15.0,2.0,0.8,vegetative,0.3,0.28,0.12,6.0,0
2025-10-03 20:00:00,0.234,21.79,0.71,5.94,27.1,0.1,0.8,vegetative,0.3,0.28,0.12,13.7,0
2025-10-03 21:00:00,0.194,17.02,0.85,6.8,19.8,3.0,0.5,vegetative,0.3,0.28,0.12,25.7,1
2025-10-03 22:00:00,0.234,23.29,0.59,6.29,34.0,0.4,0.2,vegetative,0.6,0.32,0.14,51.3,0
2025-10-03 23:00:00,0.282,22.62,0.68,6.74,31.9,1.1,3.8,flowering,0.3,0.28,0.12,-0.5,0
2025-10-04 00:00:00,0.219,22.81,0.63,5.91,30.3,1.4,1.9,flowering,0.3,0.28,0.12,18.4,0
2025-10-04 01:00:00,0.283,18.17,0.51,6.77,35.6,1.7,0.7,vegetative,0.3,0.28,0.12,-0.8,0
2025-10-04 02:00:00,0.115,18.76,0.69,6.14,23.3,2.9,0.9,vegetative,0.3,0.28,0.12,49.4,1
2025-10-04 03:00:00,0.253,25.16,0.69,6.72,36.7,0.4,0.3,maturity,0.3,0.28,0.12,8.1,0
2025-10-04 04:00:00,0.223,21.88,0.85,6.5,32.7,2.0,0.8,vegetative,0.3,0.28,0.12,17.0,0
2025-10-04 05:00:00,0.208,24.04,0.76,6.21,26.8,0.1,1.2,vegetative,0.3,0.28,0.12,21.6,0
2025-10-04 06:00:00,0.224,22.08,0.6,6.38,33.7,1.2,0.7,vegetative,0.3,0.28,0.12,16.9,0
2025-10-04 07:00:00,0.14,22.09,0.89,6.71,22.5,1.4,4.6,vegetative,0.6,0.32,0.14,107.7,1
2025-10-04 08:00:00,0.211,24.81,0.82,6.53,23.9,1.1,0.9,flowering,0.6,0.32,0.14,65.3,1
2025-10-04 09:00:00,0.234,20.45,0.76,6.68,25.0,0.3,0.5,vegetative,0.3,0.28,0.12,13.7,0
2025-10-04 10:00:00,0.279,22.29,0.68,7.09,25.4,2.1,1.5,flowering,0.3,0.28,0.12,0.3,0
2025-10-04 11:00:00,0.199,20.61,0.6,6.03,22.7,0.2,0.2,vegetative,0.3,0.28,0.12,24.2,1
2025-10-04 12:00:00,0.188,20.7,0.66,6.99,34.1,0.1,0.5,vegetative,0.6,0.32,0.14,79.4,1
2025-10-04 13:00:00,0.2,21.07,0.81,6.53,26.7,1.3,0.4,flowering,0.3,0.28,0.12,24.0,1
2025-10-04 14:00:00,0.257,22.67,0.89,6.23,29.8,0.6,0.6,vegetative,0.3,0.28,0.12,7.0,0
2025-10-04 15:00:00,0.233,20.56,0.85,6.1,25.1,1.9,1.5,flowering,0.6,0.32,0.14,52.1,0
2025-10-04 16:00:00,0.199,25.77,0.65,6.44,18.9,0.5,0.7,vegetative,0.3,0.28,0.12,24.4,1
2025-10-04 17:00:00,0.241,19.32,0.59,6.78,29.4,0.2,1.6,flowering,0.3,0.28,0.12,11.8,0
2025-10-04 18:00:00,0.224,21.44,0.71,6.46,18.4,1.8,0.9,vegetative,0.3,0.28,0.12,16.8,0
2025-10-04 19:00:00,0.259,20.68,0.52,6.95,27.7,0.8,0.4,maturity,0.6,0.32,0.14,36.8,0
2025-10-04 20:00:00,0.192,26.34,0.73,6.06,21.2,0.2,1.7,vegetative,0.6,0.32,0.14,76.8,1
2025-10-04 21:00:00,0.207,22.59,0.69,6.5,37.9,1.3,0.3,maturity,0.6,0.32,0.14,67.9,1
2025-10-04 22:00:00,0.204,25.1,0.65,6.12,32.6,0.7,0.3,vegetative,0.3,0.28,0.12,22.7,0
2025-10-04 23:00:00,0.161,17.54,0.54,6.61,28.5,0.9,0.7,flowering,0.3,0.28,0.12,35.6,1
2025-10-05 00:00:00,0.232,22.8,0.75,6.77,34.3,0.6,0.3,vegetative,0.6,0.32,0.14,52.9,0
2025-10-05 01:00:00,0.23,24.67,0.65,6.37,23.8,1.8,0.0,maturity,0.6,0.32,0.14,53.7,0
2025-10-05 02:00:00,0.22,22.25,0.58,5.72,30.7,1.8,1.0,vegetative,0.3,0.28,0.12,17.9,0
2025-10-05 03:00:00,0.211,25.2,0.41,6.56,29.0,1.2,0.7,vegetative,0.6,0.32,0.14,65.6,1
2025-10-05 04:00:00,0.163,20.45,0.7,6.63,29.3,0.1,0.6,vegetative,0.3,0.28,0.12,35.0,1
2025-10-05 05:00:00,0.203,26.23,0.88,6.62,34.4,1.8,3.4,vegetative,0.3,0.28,0.12,23.0,0
2025-10-05 06:00:00,0.206,28.9,0.87,6.87,31.7,1.1,0.8,vegetative,0.6,0.32,0.14,68.2,1
2025-10-05 07:00:00,0.188,20.91,0.65,6.18,29.4,1.2,2.0,maturity,0.3,0.28,0.12,27.6,1
2025-10-05 08:00:00,0.214,20.66,0.64,6.7,19.7,0.5,0.2,maturity,0.6,0.32,0.14,63.9,1
2025-10-05 09:00:00,0.236,26.36,0.75,6.86,23.2,2.1,0.8,vegetative,0.3,0.28,0.12,13.2,0
2025-10-05 10:00:00,0.295,26.74,0.6,5.97,27.4,1.3,2.0,maturity,0.3,0.28,0.12,-4.6,0
2025-10-05 11:00:00,0.227,20.43,0.73,6.6,28.5,0.1,0.9,flowering,0.6,0.32,0.14,55.8,1
2025-10-05 12:00:00,0.23,20.74,0.78,6.35,22.3,0.5,1.3,vegetative,0.6,0.32,0.14,53.8,0
2025-10-05 13:00:00,0.217,21.15,0.82,6.48,40.0,2.2,0.5,flowering,0.3,0.28,0.12,18.9,0
2025-10-05 14:00:00,0.143,17.97,0.69,6.6,35.6,0.0,0.1,flowering,0.3,0.28,0.12,41.0,1
2025-10-05 15:00:00,0.219,19.24,0.68,6.35,31.0,3.3,0.6,maturity,0.6,0.32,0.14,60.6,1
2025-10-05 16:00:00,0.222,18.99,0.61,6.3,28.4,1.1,0.5,vegetative,0.3,0.28,0.12,17.3,0
2025-10-05 17:00:00,0.319,19.7,0.62,6.51,26.9,1.0,2.0,flowering,0.6,0.32,0.14,0.9,0
2025-10-05 18:00:00,0.212,21.9,0.68,6.17,23.2,0.3,0.3,vegetative,0.6,0.32,0.14,64.6,1
2025-10-05 19:00:00,0.232,22.7,0.74,6.17,28.4,0.3,3.4,vegetative,0.3,0.28,0.12,14.4,0
2025-10-05 20:00:00,0.219,26.65,0.79,6.7,29.3,2.8,3.2,vegetative,0.3,0.28,0.12,18.4,0
2025-10-05 21:00:00,0.173,19.0,0.62,6.16,21.8,0.4,0.3,maturity,0.3,0.28,0.12,32.0,1
2025-10-05 22:00:00,0.266,24.95,0.85,6.7,29.7,1.5,0.4,maturity,0.6,0.32,0.14,32.6,0
2025-10-05 23:00:00,0.25,21.36,0.67,6.64,27.2,0.5,2.3,flowering,0.3,0.28,0.12,9.0,0
2025-10-06 00:00:00,0.252,21.85,0.7,5.98,18.5,0.1,3.4,flowering,0.3,0.28,0.12,8.5,0
2025-10-06 01:00:00,0.184,24.02,0.63,6.3,23.7,0.0,0.6,vegetative,0.3,0.28,0.12,28.9,1
2025-10-06 02:00:00,0.276,18.63,0.46,6.86,25.9,0.8,0.4,vegetative,0.3,0.28,0.12,1.2,0
2025-10-06 03:00:00,0.164,23.15,0.79,6.21,37.4,3.7,0.7,vegetative,0.3,0.28,0.12,34.8,1
2025-10-06 04:00:00,0.243,22.5,0.77,6.36,30.8,0.5,1.2,vegetative,0.3,0.28,0.12,11.0,0
2025-10-06 05:00:00,0.308,23.48,0.67,6.64,21.3,0.4,0.3,flowering,0.6,0.32,0.14,7.4,0
2025-10-06 06:00:00,0.18,22.87,0.71,6.74,30.4,0.4,1.3,flowering,0.6,0.32,0.14,83.8,1
2025-10-06 07:00:00,0.197,29.37,0.75,6.42,20.3,0.7,0.1,vegetative,0.6,0.32,0.14,73.6,1
2025-10-06 08:00:00,0.224,20.09,0.54,6.32,33.4,0.6,0.1,vegetative,0.3,0.28,0.12,16.8,0
2025-10-06 09:00:00,0.2,20.41,0.65,6.93,25.6,2.1,0.5,vegetative,0.3,0.28,0.12,24.0,1
2025-10-06 10:00:00,0.158,20.13,0.78,7.02,27.5,0.7,0.4,vegetative,0.6,0.32,0.14,97.2,1
2025-10-06 11:00:00,0.223,20.33,0.57,6.79,34.6,0.7,0.4,maturity,0.3,0.28,0.12,17.2,0
2025-10-06 12:00:00,0.178,20.09,0.73,6.53,21.6,0.1,0.7,flowering,0.6,0.32,0.14,85.5,1
2025-10-06 13:00:00,0.239,25.57,0.56,6.26,21.0,4.1,0.4,maturity,0.6,0.32,0.14,48.6,0
2025-10-06 14:00:00,0.183,26.26,0.75,6.25,25.1,0.3,0.2,vegetative,0.3,0.28,0.12,29.0,1
2025-10-06 15:00:00,0.282,20.29,0.7,6.66,33.2,0.1,0.4,vegetative,0.6,0.32,0.14,22.8,0
2025-10-06 16:00:00,0.189,19.5,0.54,6.63,20.4,1.1,3.7,vegetative,0.6,0.32,0.14,78.8,1
2025-10-06 17:00:00,0.207,23.41,0.82,6.92,15.0,0.9,0.5,maturity,0.3,0.28,0.12,21.9,0
2025-10-06 18:00:00,0.253,20.34,0.63,6.7,25.7,0.5,0.6,flowering,0.3,0.28,0.12,8.2,0
2025-10-06 19:00:00,0.171,23.9,0.62,6.05,30.8,0.5,0.9,vegetative,0.3,0.28,0.12,32.8,1
2025-10-06 20:00:00,0.229,22.61,0.72,6.82,34.0,1.5,4.1,flowering,0.3,0.28,0.12,15.3,0
2025-10-06 21:00:00,0.272,17.45,0.81,6.2,25.7,0.2,0.3,vegetative,0.3,0.28,0.12,2.3,0
2025-10-06 22:00:00,0.156,26.64,0.6,6.38,25.9,1.7,1.1,flowering,0.3,0.28,0.12,37.3,1
2025-10-06 23:00:00,0.227,27.39,0.71,6.58,33.8,1.0,1.3,maturity,0.6,0.32,0.14,55.6,1
2025-10-07 00:00:00,0.23,20.16,0.74,7.1,18.7,0.5,0.9,flowering,0.3,0.28,0.12,14.9,0
2025-10-07 01:00:00,0.251,20.84,0.77,7.43,26.1,0.6,0.1,flowering,0.3,0.28,0.12,8.6,0
2025-10-07 02:00:00,0.171,22.86,0.72,6.68,29.0,0.3,1.1,vegetative,0.6,0.32,0.14,89.7,1
2025-10-07 03:00:00,0.167,23.0,0.66,6.45,30.2,1.4,0.1,vegetative,0.3,0.28,0.12,33.8,1
2025-10-07 04:00:00,0.241,23.98,0.62,6.66,25.5,0.7,0.9,vegetative,0.6,0.32,0.14,47.5,0
2025-10-07 05:00:00,0.232,28.03,0.71,6.77,28.2,0.4,1.3,vegetative,0.3,0.28,0.12,14.4,0
2025-10-07 06:00:00,0.23,21.47,0.59,6.4,15.6,0.9,0.2,flowering,0.3,0.28,0.12,15.0,0
2025-10-07 07:00:00,0.234,19.61,0.41,7.04,24.7,5.5,1.8,flowering,0.3,0.28,0.12,13.8,0
2025-10-07 08:00:00,0.193,17.86,0.74,6.57,30.3,0.6,0.0,vegetative,0.6,0.32,0.14,76.3,1
2025-10-07 09:00:00,0.229,19.81,0.79,6.65,23.1,2.5,1.9,maturity,0.3,0.28,0.12,15.2,0
2025-10-07 10:00:00,0.232,21.9,0.46,6.7,28.3,0.4,0.6,vegetative,0.6,0.32,0.14,53.0,0
2025-10-07 11:00:00,0.191,27.38,0.6,6.63,30.2,0.1,0.2,vegetative,0.3,0.28,0.12,26.6,1
2025-10-07 12:00:00,0.295,20.45,0.76,6.75,26.3,0.2,0.1,vegetative,0.3,0.28,0.12,-4.4,0
2025-10-07 13:00:00,0.239,22.67,0.91,6.31,28.9,0.5,3.1,vegetative,0.3,0.28,0.12,12.3,0
2025-10-07 14:00:00,0.172,21.95,0.7,6.33,23.2,0.2,0.1,vegetative,0.6,0.32,0.14,88.6,1
2025-10-07 15:00:00,0.246,25.57,0.63,6.17,27.0,0.0,0.2,vegetative,0.6,0.32,0.14,44.2,0
2025-10-07 16:00:00,0.181,29.58,0.68,6.63,31.1,2.5,0.4,vegetative,0.3,0.28,0.12,29.7,1
2025-10-07 17:00:00,0.251,20.41,0.84,6.73,28.8,1.9,1.0,maturity,0.3,0.28,0.12,8.6,0
2025-10-07 18:00:00,0.266,20.53,0.64,6.64,25.1,1.4,0.8,vegetative,0.3,0.28,0.12,4.1,0
2025-10-07 19:00:00,0.187,25.13,0.62,7.0,29.1,0.2,0.1,vegetative,0.3,0.28,0.12,27.8,1
2025-10-07 20:00:00,0.259,24.05,0.65,6.5,31.6,0.1,0.3,vegetative,0.3,0.28,0.12,6.4,0
2025-10-07 21:00:00,0.237,27.54,0.6,6.7,17.8,0.1,0.3,flowering,0.6,0.32,0.14,50.1,0
2025-10-07 22:00:00,0.253,23.75,0.71,6.17,33.8,1.3,0.2,vegetative,0.6,0.32,0.14,40.3,0
2025-10-07 23:00:00,0.296,20.92,0.86,6.38,26.3,2.6,0.5,maturity,0.3,0.28,0.12,-4.8,0
2025-10-08 00:00:00,0.21,23.77,0.73,6.71,30.1,0.6,1.2,flowering,0.3,0.28,0.12,20.9,0
2025-10-08 01:00:00,0.19,25.33,0.67,6.75,34.0,0.1,0.2,flowering,0.6,0.32,0.14,78.1,1
2025-10-08 02:00:00,0.184,24.46,0.67,6.41,21.1,0.7,0.5,flowering,0.6,0.32,0.14,81.3,1
2025-10-08 03:00:00,0.187,23.52,0.54,6.48,24.5,0.4,0.5,vegetative,0.3,0.28,0.12,27.8,1
2025-10-08 04:00:00,0.217,25.2,0.79,6.04,26.6,0.5,3.7,vegetative,0.3,0.28,0.12,18.9,0
2025-10-08 05:00:00,0.234,25.51,0.69,6.39,24.1,1.0,3.1,vegetative,0.3,0.28,0.12,13.9,0
2025-10-08 06:00:00,0.231,26.15,0.68,6.77,36.7,1.3,1.6,flowering,0.3,0.28,0.12,14.7,0
2025-10-08 07:00:00,0.253,23.95,1.02,6.67,23.7,0.1,0.3,vegetative,0.3,0.28,0.12,8.1,0
2025-10-08 08:00:00,0.221,21.5,0.73,6.65,25.2,0.0,0.1,vegetative,0.3,0.28,0.12,17.8,0
2025-10-08 09:00:00,0.278,22.44,0.62,6.51,29.0,5.2,0.4,maturity,0.6,0.32,0.14,25.1,0
2025-10-08 10:00:00,0.209,25.62,0.66,6.5,22.0,0.3,0.3,vegetative,0.3,0.28,0.12,21.2,0
2025-10-08 11:00:00,0.329,19.55,0.81,6.3,26.0,0.1,0.7,maturity,0.3,0.28,0.12,-14.6,0
2025-10-08 12:00:00,0.245,23.11,0.71,6.71,29.6,0.2,1.5,flowering,0.3,0.28,0.12,10.5,0
2025-10-08 13:00:00,0.186,20.82,0.56,6.63,26.3,0.0,2.0,vegetative,0.6,0.32,0.14,80.6,1
2025-10-08 14:00:00,0.177,22.09,0.79,6.65,27.5,0.5,1.9,vegetative,0.6,0.32,0.14,85.7,1
2025-10-08 15:00:00,0.239,25.84,0.63,6.34,25.4,1.6,0.4,vegetative,0.3,0.28,0.12,12.2,0
2025-10-08 16:00:00,0.211,22.57,0.89,5.85,20.4,0.4,1.2,flowering,0.3,0.28,0.12,20.7,0
2025-10-08 17:00:00,0.249,22.14,0.81,6.83,29.6,0.6,0.4,flowering,0.6,0.32,0.14,42.9,0
2025-10-08 18:00:00,0.239,17.92,0.66,6.36,36.8,1.1,0.1,flowering,0.3,0.28,0.12,12.3,0
2025-10-08 19:00:00,0.217,24.24,0.83,6.24,28.1,0.7,1.2,maturity,0.3,0.28,0.12,18.9,0
2025-10-08 20:00:00,0.186,23.94,0.71,6.71,29.1,2.0,0.0,flowering,0.3,0.28,0.12,28.2,1
2025-10-08 21:00:00,0.159,28.49,0.79,6.38,31.5,2.0,0.5,vegetative,0.3,0.28,0.12,36.2,1
2025-10-08 22:00:00,0.202,21.08,0.75,6.82,21.7,0.0,0.4,vegetative,0.3,0.28,0.12,23.4,0
2025-10-08 23:00:00,0.254,22.66,0.62,6.69,36.5,1.5,1.2,maturity,0.6,0.32,0.14,39.4,0
2025-10-09 00:00:00,0.229,22.75,0.64,6.71,29.0,0.6,1.5,vegetative,0.6,0.32,0.14,54.9,1
2025-10-09 01:00:00,0.17,26.73,0.8,6.09,36.2,4.5,0.4,vegetative,0.3,0.28,0.12,32.9,1
2025-10-09 02:00:00,0.227,21.71,0.67,6.86,24.3,0.7,1.7,flowering,0.6,0.32,0.14,55.8,1
2025-10-09 03:00:00,0.235,22.84,0.66,6.58,37.1,4.3,0.3,vegetative,0.3,0.28,0.12,13.4,0
2025-10-09 04:00:00,0.185,23.82,0.6,6.39,31.9,1.4,0.6,maturity,0.3,0.28,0.12,28.6,1
2025-10-09 05:00:00,0.226,22.56,0.74,6.54,30.8,0.3,1.3,flowering,0.3,0.28,0.12,16.2,0
2025-10-09 06:00:00,0.222,20.66,0.91,5.97,29.2,0.8,1.2,vegetative,0.6,0.32,0.14,58.6,1
2025-10-09 07:00:00,0.174,22.58,0.59,6.62,26.8,4.8,4.4,maturity,0.3,0.28,0.12,31.7,1
2025-10-09 08:00:00,0.234,25.22,0.7,6.19,34.0,1.9,0.3,vegetative,0.3,0.28,0.12,13.7,0
2025-10-09 09:00:00,0.242,18.92,0.84,6.09,28.7,0.1,1.1,vegetative,0.6,0.32,0.14,46.5,0
2025-10-09 10:00:00,0.263,22.4,0.69,6.04,18.2,1.2,0.9,vegetative,0.6,0.32,0.14,34.0,0
2025-10-09 11:00:00,0.262,19.9,0.75,6.83,22.4,0.4,2.5,vegetative,0.6,0.32,0.14,34.7,0
2025-10-09 12:00:00,0.165,25.59,0.59,6.31,27.1,0.0,0.2,vegetative,0.3,0.28,0.12,34.5,1
2025-10-09 13:00:00,0.182,17.43,0.74,6.96,29.5,0.5,1.4,vegetative,0.3,0.28,0.12,29.3,1
2025-10-09 14:00:00,0.241,20.32,0.68,6.34,27.7,0.3,0.8,vegetative,0.3,0.28,0.12,11.8,0
2025-10-09 15:00:00,0.241,23.13,0.8,5.99,34.1,1.7,0.3,vegetative,0.3,0.28,0.12,11.8,0
2025-10-09 16:00:00,0.241,26.7,0.82,6.17,18.2,0.4,0.6,flowering,0.6,0.32,0.14,47.6,0
2025-10-09 17:00:00,0.35,21.8,0.96,6.87,28.7,1.8,0.4,maturity,0.3,0.28,0.12,-21.0,0
2025-10-09 18:00:00,0.243,20.33,0.76,6.45,18.9,0.0,0.9,vegetative,0.3,0.28,0.12,11.1,0
2025-10-09 19:00:00,0.265,27.64,0.73,6.34,31.8,0.4,2.2,vegetative,0.6,0.32,0.14,32.7,0
2025-10-09 20:00:00,0.258,17.66,0.72,6.55,27.5,0.3,0.8,vegetative,0.3,0.28,0.12,6.6,0
2025-10-09 21:00:00,0.246,15.4,0.66,6.65,30.1,0.3,1.0,vegetative,0.3,0.28,0.12,10.2,0
2025-10-09 22:00:00,0.207,23.32,0.73,6.84,23.7,0.1,0.7,flowering,0.6,0.32,0.14,67.6,1
2025-10-09 23:00:00,0.25,20.49,0.67,6.93,34.4,0.2,0.1,flowering,0.6,0.32,0.14,41.8,0
2025-10-10 00:00:00,0.189,18.94,0.72,6.39,33.2,0.8,0.3,vegetative,0.6,0.32,0.14,78.5,1
2025-10-10 01:00:00,0.211,24.13,0.83,6.1,30.9,0.3,0.7,vegetative,0.3,0.28,0.12,20.8,0
2025-10-10 02:00:00,0.201,22.73,0.6,6.38,27.4,0.5,0.4,vegetative,0.3,0.28,0.12,23.8,0
2025-10-10 03:00:00,0.223,20.31,0.81,6.58,30.9,0.5,0.2,flowering,0.6,0.32,0.14,58.0,1
2025-10-10 04:00:00,0.313,18.16,0.83,6.21,24.5,2.1,0.7,vegetative,0.3,0.28,0.12,-9.8,0
2025-10-10 05:00:00,0.145,24.62,0.69,6.21,32.3,2.4,0.4,maturity,0.3,0.28,0.12,40.4,1
2025-10-10 06:00:00,0.247,23.95,0.49,6.6,36.2,0.7,0.3,flowering,0.6,0.32,0.14,43.5,0
2025-10-10 07:00:00,0.155,21.7,0.64,6.49,33.4,0.4,0.6,vegetative,0.3,0.28,0.12,37.4,1
2025-10-10 08:00:00,0.201,27.54,0.83,6.51,24.4,0.1,0.1,flowering,0.6,0.32,0.14,71.3,1
2025-10-10 09:00:00,0.264,18.79,0.7,6.27,29.8,3.1,2.6,maturity,0.3,0.28,0.12,4.9,0
2025-10-10 10:00:00,0.223,17.42,0.6,6.43,21.5,0.1,2.0,flowering,0.3,0.28,0.12,17.2,0
2025-10-10 11:00:00,0.177,19.92,0.65,6.22,30.9,0.4,1.2,vegetative,0.3,0.28,0.12,30.9,1
2025-10-10 12:00:00,0.191,21.86,0.78,6.77,30.3,0.4,0.1,vegetative,0.6,0.32,0.14,77.2,1
2025-10-10 13:00:00,0.247,22.73,0.75,6.81,18.7,0.4,1.5,maturity,0.3,0.28,0.12,9.8,0
2025-10-10 14:00:00,0.191,21.28,0.68,5.95,22.2,0.2,1.7,flowering,0.3,0.28,0.12,26.8,1
2025-10-10 15:00:00,0.229,23.06,0.66,6.22,26.6,1.5,1.5,flowering,0.6,0.32,0.14,54.8,1
2025-10-10 16:00:00,0.222,18.25,0.66,6.05,26.5,0.1,0.1,maturity,0.6,0.32,0.14,58.9,1
2025-10-10 17:00:00,0.194,26.33,0.61,6.3,22.0,1.0,1.0,maturity,0.6,0.32,0.14,75.6,1
2025-10-10 18:00:00,0.306,21.75,0.86,6.47,29.9,0.1,1.8,maturity,0.3,0.28,0.12,-7.7,0
2025-10-10 19:00:00,0.245,25.35,0.67,6.07,29.3,0.1,0.9,vegetative,0.3,0.28,0.12,10.4,0
2025-10-10 20:00:00,0.139,23.03,0.82,6.22,27.0,2.4,1.0,flowering,0.6,0.32,0.14,108.6,1
2025-10-10 21:00:00,0.227,23.37,0.85,6.2,24.2,0.2,0.6,flowering,0.6,0.32,0.14,55.5,1
2025-10-10 22:00:00,0.194,23.71,0.8,6.56,33.2,1.7,0.8,flowering,0.3,0.28,0.12,25.9,1
2025-10-10 23:00:00,0.254,23.34,0.66,6.52,36.3,0.8,0.0,flowering,0.3,0.28,0.12,7.8,0
2025-10-11 00:00:00,0.188,23.93,0.74,6.28,25.6,0.1,1.0,vegetative,0.6,0.32,0.14,79.0,1
2025-10-11 01:00:00,0.215,25.99,0.7,6.55,24.9,3.1,0.1,flowering,0.3,0.28,0.12,19.4,0
2025-10-11 02:00:00,0.24,22.59,0.61,6.34,30.5,0.3,0.6,flowering,0.6,0.32,0.14,47.9,0
2025-10-11 03:00:00,0.255,24.13,0.73,6.42,26.2,2.0,0.3,vegetative,0.3,0.28,0.12,7.6,0
2025-10-11 04:00:00,0.172,21.73,0.58,7.0,27.3,0.2,0.8,vegetative,0.3,0.28,0.12,32.4,1
2025-10-11 05:00:00,0.207,26.32,0.82,6.9,31.7,1.9,0.1,vegetative,0.6,0.32,0.14,68.0,1
2025-10-11 06:00:00,0.201,19.97,0.65,6.11,18.5,0.0,1.2,vegetative,0.3,0.28,0.12,23.7,0
2025-10-11 07:00:00,0.194,27.4,0.72,6.75,34.6,0.7,1.6,vegetative,0.3,0.28,0.12,25.8,1
2025-10-11 08:00:00,0.291,21.88,0.73,6.74,28.4,1.5,0.2,vegetative,0.3,0.28,0.12,-3.2,0
2025-10-11 09:00:00,0.236,17.71,0.67,6.16,25.9,2.7,0.1,flowering,0.3,0.28,0.12,13.1,0
2025-10-11 10:00:00,0.17,22.38,0.76,6.75,27.6,2.4,0.2,flowering,0.6,0.32,0.14,90.3,1
2025-10-11 11:00:00,0.257,19.96,0.65,6.96,27.8,1.7,2.1,flowering,0.6,0.32,0.14,38.0,0
2025-10-11 12:00:00,0.305,24.52,0.79,6.16,19.3,2.2,0.8,maturity,0.6,0.32,0.14,9.1,0
2025-10-11 13:00:00,0.261,20.04,0.57,6.22,35.5,0.2,0.6,vegetative,0.3,0.28,0.12,5.6,0
2025-10-11 14:00:00,0.159,20.66,0.71,6.81,28.2,0.3,0.1,vegetative,0.3,0.28,0.12,36.2,1
2025-10-11 15:00:00,0.201,16.33,0.89,6.58,30.2,0.3,1.0,maturity,0.3,0.28,0.12,23.8,0
2025-10-11 16:00:00,0.271,20.64,0.6,6.67,32.8,0.5,2.0,vegetative,0.6,0.32,0.14,29.6,0
2025-10-11 17:00:00,0.192,14.73,0.63,6.6,22.9,0.5,1.8,maturity,0.6,0.32,0.14,77.0,1
2025-10-11 18:00:00,0.238,17.25,0.75,6.62,30.4,0.8,1.0,maturity,0.6,0.32,0.14,49.3,0
2025-10-11 19:00:00,0.251,24.28,0.72,6.1,26.7,0.2,0.1,flowering,0.3,0.28,0.12,8.7,0
2025-10-11 20:00:00,0.183,24.36,0.74,6.81,32.2,1.2,0.1,maturity,0.3,0.28,0.12,29.1,1
2025-10-11 21:00:00,0.218,23.28,0.75,6.85,17.4,0.2,0.1,vegetative,0.3,0.28,0.12,18.7,0
2025-10-11 22:00:00,0.1,19.1,0.76,6.43,27.5,0.4,0.3,vegetative,0.3,0.28,0.12,54.0,1
2025-10-11 23:00:00,0.179,21.86,0.81,6.49,25.0,0.7,0.1,flowering,0.3,0.28,0.12,30.3,1
2025-10-12 00:00:00,0.21,21.99,0.74,6.04,30.2,1.6,0.3,vegetative,0.6,0.32,0.14,66.1,1
2025-10-12 01:00:00,0.17,18.52,0.68,6.65,30.4,1.3,0.5,maturity,0.3,0.28,0.12,33.0,1
2025-10-12 02:00:00,0.285,26.51,0.77,6.67,24.5,1.0,2.9,vegetative,0.3,0.28,0.12,-1.6,0
2025-10-12 03:00:00,0.163,24.63,0.89,6.48,24.4,0.2,0.9,flowering,0.3,0.28,0.12,35.2,1
2025-10-12 04:00:00,0.202,21.34,0.69,6.84,27.4,0.8,1.8,flowering,0.6,0.32,0.14,70.6,1
2025-10-12 05:00:00,0.225,22.08,0.6,6.4,23.5,0.1,1.2,flowering,0.3,0.28,0.12,16.4,0
2025-10-12 06:00:00,0.278,22.63,0.81,6.67,32.2,0.5,0.1,vegetative,0.6,0.32,0.14,25.4,0
2025-10-12 07:00:00,0.163,15.87,0.69,6.19,26.2,0.5,1.3,vegetative,0.6,0.32,0.14,94.5,1
2025-10-12 08:00:00,0.267,21.26,0.48,6.49,15.0,0.0,0.3,maturity,0.3,0.28,0.12,4.0,0
2025-10-12 09:00:00,0.22,19.95,0.78,6.45,26.1,0.3,1.0,vegetative,0.6,0.32,0.14,59.8,1
2025-10-12 10:00:00,0.181,19.0,0.65,6.57,22.8,3.1,0.4,maturity,0.3,0.28,0.12,29.8,1
2025-10-12 11:00:00,0.238,21.16,0.69,6.39,19.8,3.1,6.1,flowering,0.3,0.28,0.12,12.5,0
2025-10-12 12:00:00,0.228,27.39,0.73,6.46,21.8,0.4,0.3,flowering,0.6,0.32,0.14,55.2,1
2025-10-12 13:00:00,0.196,23.92,0.72,6.75,28.5,0.0,0.3,flowering,0.6,0.32,0.14,74.4,1
2025-10-12 14:00:00,0.223,20.29,0.77,6.37,34.6,0.2,2.7,vegetative,0.3,0.28,0.12,17.2,0
2025-10-12 15:00:00,0.205,23.72,0.66,6.02,29.6,0.5,0.0,flowering,0.3,0.28,0.12,22.6,0
2025-10-12 16:00:00,0.225,26.2,0.75,7.02,25.0,3.0,1.2,maturity,0.3,0.28,0.12,16.6,0
2025-10-12 17:00:00,0.246,24.77,0.67,6.91,30.3,0.2,1.3,vegetative,0.3,0.28,0.12,10.1,0
2025-10-12 18:00:00,0.283,22.18,0.77,6.11,25.7,1.4,1.8,maturity,0.3,0.28,0.12,-1.0,0
2025-10-12 19:00:00,0.17,20.06,0.76,6.71,24.5,0.1,3.7,vegetative,0.3,0.28,0.12,32.9,1
2025-10-12 20:00:00,0.305,24.09,0.61,6.35,22.2,4.0,3.7,vegetative,0.3,0.28,0.12,-7.6,0
2025-10-12 21:00:00,0.142,23.18,0.81,6.58,19.2,0.5,0.1,vegetative,0.6,0.32,0.14,106.9,1
2025-10-12 22:00:00,0.214,24.69,0.65,6.59,26.1,1.5,1.7,maturity,0.3,0.28,0.12,19.8,0
2025-10-12 23:00:00,0.244,23.91,0.78,6.43,28.8,0.4,1.0,vegetative,0.3,0.28,0.12,10.9,0
2025-10-13 00:00:00,0.231,25.15,0.74,6.26,27.5,1.0,1.0,maturity,0.3,0.28,0.12,14.6,0
2025-10-13 01:00:00,0.195,20.39,0.88,6.29,25.9,0.2,0.1,maturity,0.6,0.32,0.14,74.9,1
2025-10-13 02:00:00,0.212,25.95,0.68,6.23,23.3,0.2,1.1,vegetative,0.3,0.28,0.12,20.5,0
2025-10-13 03:00:00,0.2,22.59,0.67,6.25,31.0,2.8,4.0,vegetative,0.3,0.28,0.12,23.9,0
2025-10-13 04:00:00,0.196,28.23,0.7,6.48,21.4,2.5,2.4,flowering,0.3,0.28,0.12,25.1,1
2025-10-13 05:00:00,0.254,19.93,0.67,6.29,31.9,2.2,0.6,vegetative,0.6,0.32,0.14,39.6,0
2025-10-13 06:00:00,0.234,27.21,0.78,6.7,23.0,1.0,0.0,flowering,0.3,0.28,0.12,13.7,0
2025-10-13 07:00:00,0.192,22.59,0.54,6.95,24.2,1.7,0.4,vegetative,0.6,0.32,0.14,76.6,1
2025-10-13 08:00:00,0.256,20.05,0.59,6.33,20.7,0.1,1.8,vegetative,0.6,0.32,0.14,38.4,0
2025-10-13 09:00:00,0.232,20.55,0.59,6.57,25.5,0.4,1.2,flowering,0.6,0.32,0.14,52.6,0
2025-10-13 10:00:00,0.253,21.04,0.8,6.65,32.9,0.4,0.6,vegetative,0.6,0.32,0.14,40.5,0
2025-10-13 11:00:00,0.245,23.27,0.87,6.64,30.6,1.0,0.1,vegetative,0.3,0.28,0.12,10.4,0
2025-10-13 12:00:00,0.187,23.57,0.69,6.52,32.9,0.4,0.6,vegetative,0.3,0.28,0.12,27.9,1
2025-10-13 13:00:00,0.198,20.28,0.68,6.72,30.6,0.2,0.6,vegetative,0.6,0.32,0.14,73.4,1
2025-10-13 14:00:00,0.25,21.93,0.71,6.64,22.5,0.9,2.6,flowering,0.3,0.28,0.12,9.0,0
2025-10-13 15:00:00,0.244,28.43,0.82,6.13,26.3,1.7,1.0,maturity,0.3,0.28,0.12,10.7,0
2025-10-13 16:00:00,0.219,27.18,0.61,6.76,24.1,0.5,0.4,vegetative,0.6,0.32,0.14,60.5,1
2025-10-13 17:00:00,0.225,23.31,0.72,6.77,34.7,0.1,0.7,flowering,0.3,0.28,0.12,16.6,0
2025-10-13 18:00:00,0.271,22.11,0.8,6.27,22.0,0.2,0.1,flowering,0.3,0.28,0.12,2.7,0
2025-10-13 19:00:00,0.196,22.36,0.75,6.51,32.5,0.3,3.6,vegetative,0.3,0.28,0.12,25.1,1
2025-10-13 20:00:00,0.242,23.84,0.72,6.7,32.5,0.4,0.4,vegetative,0.3,0.28,0.12,11.4,0
2025-10-13 21:00:00,0.212,18.93,0.8,6.44,37.1,1.0,0.6,maturity,0.6,0.32,0.14,64.9,1
2025-10-13 22:00:00,0.211,21.23,0.43,6.82,26.0,0.9,0.4,flowering,0.3,0.28,0.12,20.6,0
2025-10-13 23:00:00,0.264,16.99,0.77,7.21,31.6,1.2,1.1,flowering,0.3,0.28,0.12,4.8,0
2025-10-14 00:00:00,0.253,23.2,0.63,6.26,39.4,0.5,1.1,flowering,0.3,0.28,0.12,8.1,0
2025-10-14 01:00:00,0.253,23.94,0.52,6.09,24.9,1.7,1.3,vegetative,0.6,0.32,0.14,40.5,0
2025-10-14 02:00:00,0.272,20.55,0.75,6.59,20.3,0.2,0.3,flowering,0.6,0.32,0.14,28.7,0
2025-10-14 03:00:00,0.221,26.72,0.84,6.72,18.6,0.6,0.4,flowering,0.3,0.28,0.12,17.7,0
2025-10-14 04:00:00,0.247,18.32,0.69,6.43,31.6,1.6,0.1,flowering,0.6,0.32,0.14,43.6,0
2025-10-14 05:00:00,0.208,17.61,0.8,6.94,18.6,0.2,1.1,vegetative,0.3,0.28,0.12,21.7,0
2025-10-14 06:00:00,0.233,22.67,0.86,6.1,26.1,0.1,0.0,vegetative,0.6,0.32,0.14,52.2,0
2025-10-14 07:00:00,0.215,25.14,0.83,6.71,30.2,2.2,0.9,vegetative,0.3,0.28,0.12,19.6,0
2025-10-14 08:00:00,0.224,27.05,0.86,6.32,28.9,0.4,2.0,maturity,0.6,0.32,0.14,57.7,1
2025-10-14 09:00:00,0.244,20.62,0.77,7.02,30.1,1.2,2.2,vegetative,0.3,0.28,0.12,10.9,0
2025-10-14 10:00:00,0.187,25.24,0.71,7.1,29.1,0.0,0.6,vegetative,0.3,0.28,0.12,27.8,1
2025-10-14 11:00:00,0.304,21.88,0.54,6.27,34.4,1.2,0.6,vegetative,0.3,0.28,0.12,-7.1,0
2025-10-14 12:00:00,0.18,21.48,0.68,6.34,23.2,0.4,0.1,vegetative,0.6,0.32,0.14,84.1,1
2025-10-14 13:00:00,0.171,24.65,0.62,6.76,24.6,0.1,1.1,flowering,0.3,0.28,0.12,32.6,1
2025-10-14 14:00:00,0.266,23.96,0.92,6.38,24.1,0.9,1.7,flowering,0.6,0.32,0.14,32.2,0
2025-10-14 15:00:00,0.252,17.27,0.68,6.49,32.2,0.3,0.3,flowering,0.3,0.28,0.12,8.5,0
2025-10-14 16:00:00,0.245,26.43,0.71,6.51,32.5,0.5,0.5,vegetative,0.3,0.28,0.12,10.5,0
2025-10-14 17:00:00,0.245,26.14,0.76,5.92,30.3,0.1,1.8,flowering,0.3,0.28,0.12,10.5,0
2025-10-14 18:00:00,0.22,20.12,0.7,6.5,33.9,0.2,2.1,vegetative,0.6,0.32,0.14,60.3,1
2025-10-14 19:00:00,0.184,23.19,0.87,6.29,22.1,0.4,0.3,vegetative,0.3,0.28,0.12,28.8,1
2025-10-14 20:00:00,0.223,23.48,0.64,6.35,36.3,0.1,0.8,vegetative,0.6,0.32,0.14,58.2,1
2025-10-14 21:00:00,0.193,22.78,0.72,6.93,35.6,2.4,0.2,vegetative,0.6,0.32,0.14,76.3,1
2025-10-14 22:00:00,0.259,20.35,0.63,6.12,31.7,0.0,0.1,vegetative,0.6,0.32,0.14,36.6,0
2025-10-14 23:00:00,0.214,19.99,0.57,6.74,36.9,0.7,2.4,flowering,0.3,0.28,0.12,19.8,0
2025-10-15 00:00:00,0.187,21.92,0.64,6.42,19.7,0.1,1.7,flowering,0.6,0.32,0.14,79.8,1
2025-10-15 01:00:00,0.207,25.52,0.7,6.42,25.4,0.4,1.4,maturity,0.6,0.32,0.14,67.7,1
2025-10-15 02:00:00,0.237,23.63,0.66,6.74,24.3,2.6,0.0,vegetative,0.3,0.28,0.12,13.0,0
2025-10-15 03:00:00,0.197,20.89,0.63,6.6,31.6,0.2,1.9,vegetative,0.6,0.32,0.14,73.5,1
2025-10-15 04:00:00,0.187,24.32,0.56,6.67,22.7,3.4,0.6,vegetative,0.3,0.28,0.12,27.9,1
2025-10-15 05:00:00,0.23,13.45,0.69,6.79,31.8,0.2,0.4,maturity,0.3,0.28,0.12,15.1,0
2025-10-15 06:00:00,0.23,25.45,0.55,6.4,34.9,1.4,0.8,flowering,0.3,0.28,0.12,15.1,0
2025-10-15 07:00:00,0.2,16.78,0.78,6.32,31.5,0.8,0.1,flowering,0.3,0.28,0.12,24.1,1
2025-10-15 08:00:00,0.201,20.91,0.71,6.17,29.4,2.2,1.4,vegetative,0.3,0.28,0.12,23.7,0
2025-10-15 09:00:00,0.229,18.64,0.55,6.25,23.1,0.8,0.9,flowering,0.3,0.28,0.12,15.2,0
2025-10-15 10:00:00,0.162,18.12,0.67,7.38,23.8,0.8,0.2,vegetative,0.6,0.32,0.14,94.8,1
2025-10-15 11:00:00,0.164,25.48,0.62,6.87,34.2,0.2,0.2,flowering,0.3,0.28,0.12,34.9,1
2025-10-15 12:00:00,0.191,20.6,0.73,6.09,31.9,0.2,0.2,maturity,0.3,0.28,0.12,26.6,1
2025-10-15 13:00:00,0.211,23.04,0.83,6.1,27.8,2.5,0.1,maturity,0.3,0.28,0.12,20.6,0
2025-10-15 14:00:00,0.232,21.86,0.51,6.64,25.9,0.4,0.9,flowering,0.3,0.28,0.12,14.3,0
2025-10-15 15:00:00,0.279,23.43,0.71,6.66,17.9,0.5,1.8,vegetative,0.6,0.32,0.14,24.6,0
2025-10-15 16:00:00,0.254,22.23,0.68,6.66,22.6,1.4,0.0,maturity,0.3,0.28,0.12,7.7,0
2025-10-15 17:00:00,0.214,18.15,0.77,6.42,37.6,0.4,0.1,flowering,0.6,0.32,0.14,63.8,1
2025-10-15 18:00:00,0.219,24.99,0.72,6.46,21.6,3.0,0.9,vegetative,0.3,0.28,0.12,18.2,0
2025-10-15 19:00:00,0.18,20.52,0.62,6.6,28.9,1.3,1.7,vegetative,0.6,0.32,0.14,84.1,1
2025-10-15 20:00:00,0.219,17.33,0.67,6.53,33.0,0.9,0.4,vegetative,0.3,0.28,0.12,18.2,0
2025-10-15 21:00:00,0.208,20.72,0.62,5.83,21.7,2.1,0.4,vegetative,0.3,0.28,0.12,21.5,0
2025-10-15 22:00:00,0.233,26.5,0.81,6.43,28.9,0.1,0.9,vegetative,0.6,0.32,0.14,52.3,0
2025-10-15 23:00:00,0.187,24.55,0.7,6.24,32.7,0.3,0.3,flowering,0.3,0.28,0.12,27.9,1
2025-10-16 00:00:00,0.241,20.95,0.89,6.55,28.1,0.6,0.0,vegetative,0.6,0.32,0.14,47.5,0
2025-10-16 01:00:00,0.281,20.95,0.69,7.4,40.0,0.3,1.3,vegetative,0.6,0.32,0.14,23.2,0
2025-10-16 02:00:00,0.216,21.04,0.63,6.61,19.7,1.4,1.0,flowering,0.3,0.28,0.12,19.3,0
2025-10-16 03:00:00,0.236,28.23,0.55,6.41,33.3,2.5,0.9,maturity,0.3,0.28,0.12,13.2,0
2025-10-16 04:00:00,0.248,23.15,0.52,6.78,27.1,0.6,1.4,flowering,0.3,0.28,0.12,9.7,0
2025-10-16 05:00:00,0.204,23.29,0.54,6.64,31.9,0.4,1.1,vegetative,0.6,0.32,0.14,69.6,1
2025-10-16 06:00:00,0.229,25.09,0.73,6.63,30.2,3.3,0.2,maturity,0.6,0.32,0.14,54.6,1
2025-10-16 07:00:00,0.221,22.72,0.75,6.68,24.3,0.6,0.4,maturity,0.3,0.28,0.12,17.8,0
2025-10-16 08:00:00,0.224,21.22,0.54,7.12,29.1,0.7,0.1,vegetative,0.3,0.28,0.12,16.8,0
2025-10-16 09:00:00,0.189,21.41,0.79,6.16,18.7,0.4,0.1,vegetative,0.3,0.28,0.12,27.3,1
2025-10-16 10:00:00,0.221,21.79,0.65,6.64,31.0,2.4,1.1,flowering,0.6,0.32,0.14,59.4,1
2025-10-16 11:00:00,0.24,21.89,0.71,6.22,29.5,0.8,2.0,maturity,0.3,0.28,0.12,12.0,0
2025-10-16 12:00:00,0.278,24.18,0.86,6.67,31.2,1.4,3.3,maturity,0.3,0.28,0.12,0.6,0
2025-10-16 13:00:00,0.258,22.16,0.79,6.22,33.3,1.7,1.0,maturity,0.6,0.32,0.14,37.0,0
2025-10-16 14:00:00,0.306,24.2,0.67,6.37,29.8,0.4,0.2,flowering,0.3,0.28,0.12,-7.8,0
2025-10-16 15:00:00,0.189,21.76,0.61,6.41,28.7,0.6,0.1,flowering,0.3,0.28,0.12,27.2,1
2025-10-16 16:00:00,0.255,22.24,0.48,6.79,23.6,1.9,1.7,vegetative,0.6,0.32,0.14,39.1,0
2025-10-16 17:00:00,0.227,16.01,0.63,6.78,24.4,0.5,0.9,vegetative,0.6,0.32,0.14,55.6,1
2025-10-16 18:00:00,0.308,24.75,0.68,6.13,33.9,1.6,1.0,vegetative,0.3,0.28,0.12,-8.3,0
2025-10-16 19:00:00,0.188,23.04,0.6,6.52,35.2,2.8,1.5,flowering,0.3,0.28,0.12,27.7,1
2025-10-16 20:00:00,0.186,24.99,0.69,6.29,26.8,1.0,1.2,flowering,0.3,0.28,0.12,28.1,1
2025-10-16 21:00:00,0.196,13.31,0.71,6.12,28.2,1.4,1.8,flowering,0.3,0.28,0.12,25.2,1
2025-10-16 22:00:00,0.135,28.27,0.68,6.43,23.5,1.6,0.1,vegetative,0.6,0.32,0.14,111.0,1
2025-10-16 23:00:00,0.199,21.58,0.63,6.41,33.9,1.9,1.4,flowering,0.3,0.28,0.12,24.3,1
2025-10-17 00:00:00,0.19,25.32,0.72,7.23,31.3,0.5,1.9,vegetative,0.6,0.32,0.14,78.2,1
2025-10-17 01:00:00,0.226,18.88,0.74,6.63,37.7,0.1,0.3,vegetative,0.6,0.32,0.14,56.4,1
2025-10-17 02:00:00,0.234,23.84,0.59,6.09,23.6,0.5,1.0,flowering,0.3,0.28,0.12,13.9,0
2025-10-17 03:00:00,0.295,18.84,0.84,6.33,26.1,1.1,0.4,flowering,0.3,0.28,0.12,-4.5,0
2025-10-17 04:00:00,0.258,20.13,0.69,6.81,29.2,0.6,3.2,maturity,0.3,0.28,0.12,6.6,0
2025-10-17 05:00:00,0.197,27.74,0.7,7.13,31.2,1.4,0.0,vegetative,0.6,0.32,0.14,73.8,1
2025-10-17 06:00:00,0.184,21.43,0.77,6.02,26.9,0.4,0.9,vegetative,0.6,0.32,0.14,81.6,1
2025-10-17 07:00:00,0.24,22.65,0.72,5.94,23.6,1.0,0.2,vegetative,0.3,0.28,0.12,12.1,0
2025-10-17 08:00:00,0.167,24.61,0.8,7.06,32.4,0.2,1.2,vegetative,0.6,0.32,0.14,91.7,1
2025-10-17 09:00:00,0.293,23.49,0.73,6.62,31.6,1.4,0.2,maturity,0.3,0.28,0.12,-4.0,0
2025-10-17 10:00:00,0.267,22.45,0.64,6.24,23.4,0.8,0.3,flowering,0.6,0.32,0.14,31.7,0
2025-10-17 11:00:00,0.201,23.09,0.74,6.66,34.8,0.2,0.7,maturity,0.3,0.28,0.12,23.6,0
2025-10-17 12:00:00,0.151,29.21,0.59,5.71,33.9,0.3,2.5,vegetative,0.3,0.28,0.12,38.6,1
2025-10-17 13:00:00,0.274,21.83,0.71,6.5,28.7,1.4,0.2,maturity,0.6,0.32,0.14,27.5,0
2025-10-17 14:00:00,0.215,22.6,0.7,6.6,28.4,0.7,0.2,vegetative,0.3,0.28,0.12,19.4,0
2025-10-17 15:00:00,0.27,25.15,0.68,6.78,30.8,0.2,1.4,maturity,0.3,0.28,0.12,3.1,0
2025-10-17 16:00:00,0.156,25.32,0.69,6.2,23.7,3.4,0.7,vegetative,0.3,0.28,0.12,37.1,1
2025-10-17 17:00:00,0.196,25.56,0.51,6.53,28.2,1.3,2.4,vegetative,0.3,0.28,0.12,25.2,1
2025-10-17 18:00:00,0.22,23.92,0.65,6.22,17.2,3.1,0.2,flowering,0.3,0.28,0.12,17.9,0
2025-10-17 19:00:00,0.222,18.57,0.71,6.58,32.4,0.6,1.0,maturity,0.6,0.32,0.14,58.9,1
2025-10-17 20:00:00,0.202,26.9,0.72,6.23,20.2,0.6,0.3,vegetative,0.3,0.28,0.12,23.4,0
2025-10-17 21:00:00,0.245,18.56,0.6,6.38,35.5,2.3,0.2,vegetative,0.3,0.28,0.12,10.5,0
2025-10-17 22:00:00,0.177,22.91,0.83,6.2,26.3,0.7,1.2,maturity,0.6,0.32,0.14,85.6,1
2025-10-17 23:00:00,0.214,19.74,0.61,6.7,26.9,1.2,0.9,vegetative,0.3,0.28,0.12,19.7,0
2025-10-18 00:00:00,0.225,21.81,0.8,6.76,24.9,0.3,1.4,vegetative,0.3,0.28,0.12,16.6,0
2025-10-18 01:00:00,0.241,22.99,0.74,6.43,26.6,0.6,0.4,vegetative,0.6,0.32,0.14,47.7,0
2025-10-18 02:00:00,0.248,22.96,0.64,6.51,35.1,0.1,0.6,vegetative,0.6,0.32,0.14,42.9,0
2025-10-18 03:00:00,0.175,23.27,0.88,6.07,15.6,0.2,0.5,maturity,0.6,0.32,0.14,87.0,1
2025-10-18 04:00:00,0.159,26.84,0.58,6.41,34.4,0.0,4.1,flowering,0.6,0.32,0.14,96.8,1
2025-10-18 05:00:00,0.271,23.36,0.79,6.48,29.7,0.0,0.3,flowering,0.3,0.28,0.12,2.7,0
2025-10-18 06:00:00,0.233,21.27,0.8,7.29,22.0,3.8,0.3,maturity,0.6,0.32,0.14,52.0,0
2025-10-18 07:00:00,0.19,24.89,0.63,6.17,22.6,0.3,0.4,vegetative,0.3,0.28,0.12,27.0,1
2025-10-18 08:00:00,0.282,25.57,0.84,6.94,36.4,1.1,0.8,vegetative,0.6,0.32,0.14,22.8,0
2025-10-18 09:00:00,0.225,18.32,0.67,6.8,23.3,1.8,0.3,vegetative,0.3,0.28,0.12,16.6,0
2025-10-18 10:00:00,0.267,23.79,0.73,6.58,22.2,0.8,2.5,vegetative,0.6,0.32,0.14,31.7,0
2025-10-18 11:00:00,0.223,24.1,0.73,7.03,33.7,0.2,0.3,vegetative,0.6,0.32,0.14,58.4,1
2025-10-18 12:00:00,0.302,21.11,0.69,6.61,29.7,1.3,2.3,maturity,0.6,0.32,0.14,10.5,0
2025-10-18 13:00:00,0.29,26.13,0.78,6.62,23.3,0.9,0.1,flowering,0.3,0.28,0.12,-3.1,0
2025-10-18 14:00:00,0.21,21.55,0.78,6.48,29.1,1.3,1.1,vegetative,0.3,0.28,0.12,21.0,0
2025-10-18 15:00:00,0.259,22.38,0.53,6.87,22.9,1.5,2.4,flowering,0.6,0.32,0.14,36.7,0
2025-10-18 16:00:00,0.246,21.48,0.83,6.83,33.5,3.7,0.2,flowering,0.6,0.32,0.14,44.5,0
2025-10-18 17:00:00,0.275,22.05,0.53,6.31,33.3,0.9,3.5,maturity,0.3,0.28,0.12,1.6,0
2025-10-18 18:00:00,0.181,18.71,0.8,6.1,30.7,0.4,0.6,maturity,0.6,0.32,0.14,83.2,1
2025-10-18 19:00:00,0.247,17.68,0.81,6.44,29.8,1.0,2.9,flowering,0.6,0.32,0.14,43.5,0
2025-10-18 20:00:00,0.262,26.78,0.59,6.26,36.8,0.1,1.1,flowering,0.3,0.28,0.12,5.3,0
2025-10-18 21:00:00,0.15,19.46,0.66,6.48,28.0,2.3,0.4,flowering,0.6,0.32,0.14,102.2,1
2025-10-18 22:00:00,0.173,19.03,0.59,6.87,22.1,0.1,0.2,flowering,0.3,0.28,0.12,32.2,1
2025-10-18 23:00:00,0.138,15.54,0.68,6.36,30.2,0.4,0.4,vegetative,0.3,0.28,0.12,42.5,1
2025-10-19 00:00:00,0.209,20.08,0.67,6.49,38.4,1.7,0.1,vegetative,0.3,0.28,0.12,21.2,0
2025-10-19 01:00:00,0.249,18.03,0.78,6.52,22.9,0.9,0.2,flowering,0.3,0.28,0.12,9.4,0
2025-10-19 02:00:00,0.28,26.93,0.83,6.75,26.2,0.5,0.1,vegetative,0.6,0.32,0.14,23.9,0
2025-10-19 03:00:00,0.223,25.03,0.84,5.83,30.1,0.6,0.5,vegetative,0.3,0.28,0.12,17.1,0
2025-10-19 04:00:00,0.285,19.94,0.64,6.32,27.7,1.9,1.6,flowering,0.6,0.32,0.14,20.9,0
2025-10-19 05:00:00,0.165,28.76,0.68,6.56,23.1,0.4,0.2,vegetative,0.6,0.32,0.14,93.1,1
2025-10-19 06:00:00,0.152,24.95,0.53,6.86,33.6,2.0,0.1,flowering,0.6,0.32,0.14,100.9,1
2025-10-19 07:00:00,0.218,21.03,0.62,6.35,39.6,0.1,1.0,flowering,0.3,0.28,0.12,18.7,0
2025-10-19 08:00:00,0.235,14.5,0.8,5.94,29.0,1.5,0.2,maturity,0.6,0.32,0.14,50.8,0
2025-10-19 09:00:00,0.219,28.87,0.86,6.69,23.5,1.9,0.1,vegetative,0.3,0.28,0.12,18.4,0
2025-10-19 10:00:00,0.137,17.83,0.58,6.31,20.3,0.2,0.2,vegetative,0.3,0.28,0.12,42.8,1
2025-10-19 11:00:00,0.216,17.06,0.64,6.14,29.3,0.6,2.6,flowering,0.3,0.28,0.12,19.1,0
2025-10-19 12:00:00,0.168,25.07,0.7,6.31,33.5,0.2,1.7,maturity,0.3,0.28,0.12,33.7,1
2025-10-19 13:00:00,0.247,29.32,0.73,6.44,30.4,1.2,0.4,maturity,0.6,0.32,0.14,43.9,0
2025-10-19 14:00:00,0.235,26.15,0.62,6.32,28.0,0.8,1.1,vegetative,0.3,0.28,0.12,13.6,0
2025-10-19 15:00:00,0.182,23.69,0.74,5.84,25.1,1.0,0.8,vegetative,0.6,0.32,0.14,82.6,1
2025-10-19 16:00:00,0.199,23.78,0.65,6.77,22.5,0.2,1.1,maturity,0.3,0.28,0.12,24.2,1
2025-10-19 17:00:00,0.178,24.56,0.7,6.88,32.2,0.2,1.1,vegetative,0.3,0.28,0.12,30.7,1
2025-10-19 18:00:00,0.217,24.28,0.75,6.7,32.6,0.0,1.0,flowering,0.6,0.32,0.14,61.5,1
2025-10-19 19:00:00,0.258,22.84,0.7,6.16,20.3,0.4,0.3,vegetative,0.6,0.32,0.14,37.1,0
2025-10-19 20:00:00,0.181,22.31,0.66,6.44,35.9,0.8,0.0,vegetative,0.3,0.28,0.12,29.8,1
2025-10-19 21:00:00,0.24,21.81,0.69,6.5,30.9,2.0,0.6,vegetative,0.3,0.28,0.12,12.0,0
2025-10-19 22:00:00,0.199,19.74,0.69,6.68,35.0,1.1,2.2,vegetative,0.3,0.28,0.12,24.4,1
2025-10-19 23:00:00,0.188,21.16,0.66,6.7,21.3,0.6,0.8,flowering,0.3,0.28,0.12,27.5,1
2025-10-20 00:00:00,0.216,16.92,0.67,6.28,21.2,3.1,1.8,maturity,0.6,0.32,0.14,62.6,1
2025-10-20 01:00:00,0.179,21.7,0.86,6.52,27.3,1.3,4.8,vegetative,0.6,0.32,0.14,84.8,1
2025-10-20 02:00:00,0.198,19.03,0.76,6.64,30.5,2.7,0.2,maturity,0.3,0.28,0.12,24.6,1
2025-10-20 03:00:00,0.172,18.69,0.67,6.94,37.0,0.7,1.2,vegetative,0.6,0.32,0.14,88.7,1
2025-10-20 04:00:00,0.299,22.54,0.77,6.71,31.5,0.3,1.1,flowering,0.3,0.28,0.12,-5.6,0
2025-10-20 05:00:00,0.221,26.18,0.67,6.74,26.8,0.1,3.9,vegetative,0.3,0.28,0.12,17.6,0
2025-10-20 06:00:00,0.192,24.75,0.82,6.53,22.9,1.3,4.2,maturity,0.3,0.28,0.12,26.4,1
2025-10-20 07:00:00,0.229,17.29,0.74,6.92,34.2,0.1,1.2,flowering,0.6,0.32,0.14,54.9,1
2025-10-20 08:00:00,0.216,19.03,0.69,6.62,23.2,0.4,0.3,flowering,0.3,0.28,0.12,19.3,0
2025-10-20 09:00:00,0.211,24.82,0.74,6.24,36.1,0.8,1.6,maturity,0.3,0.28,0.12,20.7,0
2025-10-20 10:00:00,0.245,19.05,0.54,6.92,26.6,0.8,0.1,flowering,0.3,0.28,0.12,10.6,0
2025-10-20 11:00:00,0.25,21.33,0.59,6.71,36.0,0.9,1.5,maturity,0.3,0.28,0.12,8.9,0
2025-10-20 12:00:00,0.199,23.65,0.58,6.37,31.4,0.2,2.4,flowering,0.6,0.32,0.14,72.7,1
2025-10-20 13:00:00,0.197,19.09,0.71,6.36,27.3,0.5,0.5,maturity,0.3,0.28,0.12,24.9,1
2025-10-20 14:00:00,0.209,22.32,0.87,6.59,25.4,1.0,1.0,flowering,0.3,0.28,0.12,21.3,0
2025-10-20 15:00:00,0.128,18.0,0.92,6.64,26.3,3.5,0.6,vegetative,0.6,0.32,0.14,115.2,1
2025-10-20 16:00:00,0.159,20.2,0.76,6.56,30.1,1.3,0.6,flowering,0.6,0.32,0.14,96.4,1
2025-10-20 17:00:00,0.275,22.96,0.75,6.59,28.4,2.6,0.4,vegetative,0.6,0.32,0.14,27.2,0
2025-10-20 18:00:00,0.286,17.22,0.52,7.01,25.0,1.4,1.4,flowering,0.3,0.28,0.12,-1.7,0
2025-10-20 19:00:00,0.21,23.32,0.65,6.82,27.2,0.9,2.8,vegetative,0.3,0.28,0.12,21.0,0
2025-10-20 20:00:00,0.243,21.94,0.62,6.56,28.4,0.2,2.8,flowering,0.3,0.28,0.12,11.1,0
2025-10-20 21:00:00,0.232,23.66,0.64,6.78,17.4,1.1,0.2,vegetative,0.3,0.28,0.12,14.3,0
2025-10-20 22:00:00,0.343,22.67,0.68,6.19,30.3,1.0,2.1,vegetative,0.6,0.32,0.14,-13.9,0
2025-10-20 23:00:00,0.265,26.09,0.65,6.62,23.1,0.9,1.3,vegetative,0.3,0.28,0.12,4.6,0
2025-10-21 00:00:00,0.215,22.38,0.5,7.04,22.2,0.7,0.3,maturity,0.3,0.28,0.12,19.5,0
2025-10-21 01:00:00,0.182,20.71,0.77,6.43,19.6,0.8,0.1,vegetative,0.3,0.28,0.12,29.5,1
2025-10-21 02:00:00,0.156,22.37,0.59,6.25,19.0,0.4,0.3,vegetative,0.3,0.28,0.12,37.3,1
2025-10-21 03:00:00,0.228,23.63,0.72,6.3,21.2,0.7,2.4,flowering,0.6,0.32,0.14,55.1,1
2025-10-21 04:00:00,0.19,22.15,0.91,6.17,24.5,0.2,1.0,flowering,0.3,0.28,0.12,27.1,1
2025-10-21 05:00:00,0.163,22.12,0.61,6.26,37.8,1.6,1.3,vegetative,0.3,0.28,0.12,35.1,1
2025-10-21 06:00:00,0.194,19.89,0.45,6.39,25.4,0.2,0.3,vegetative,0.3,0.28,0.12,25.8,1
2025-10-21 07:00:00,0.177,20.01,0.67,6.08,28.9,0.1,1.3,vegetative,0.3,0.28,0.12,31.0,1
2025-10-21 08:00:00,0.287,17.79,0.81,6.5,30.0,0.6,0.0,maturity,0.3,0.28,0.12,-2.2,0
2025-10-21 09:00:00,0.255,27.25,0.9,6.77,28.7,1.1,0.5,vegetative,0.6,0.32,0.14,38.8,0
2025-10-21 10:00:00,0.22,18.27,0.58,6.23,27.6,0.6,1.0,vegetative,0.3,0.28,0.12,18.1,0
2025-10-21 11:00:00,0.279,19.92,0.75,6.96,22.0,0.3,0.2,vegetative,0.6,0.32,0.14,24.5,0
2025-10-21 12:00:00,0.223,19.84,0.65,6.65,35.3,0.8,1.7,vegetative,0.6,0.32,0.14,58.1,1
2025-10-21 13:00:00,0.186,24.68,0.69,6.81,37.0,0.4,0.3,flowering,0.6,0.32,0.14,80.7,1
2025-10-21 14:00:00,0.281,21.12,0.96,6.3,19.6,2.7,1.1,vegetative,0.6,0.32,0.14,23.4,0
2025-10-21 15:00:00,0.242,25.74,0.55,6.76,22.9,2.6,0.5,vegetative,0.3,0.28,0.12,11.5,0
2025-10-21 16:00:00,0.179,19.98,0.73,6.17,26.6,0.7,0.9,vegetative,0.3,0.28,0.12,30.4,1
2025-10-21 17:00:00,0.212,22.84,0.75,6.77,23.2,0.4,0.1,vegetative,0.3,0.28,0.12,20.3,0
2025-10-21 18:00:00,0.185,19.49,0.81,6.55,30.5,1.3,0.0,vegetative,0.6,0.32,0.14,81.0,1
2025-10-21 19:00:00,0.165,28.44,0.71,6.67,24.4,0.0,2.4,maturity,0.6,0.32,0.14,93.2,1
2025-10-21 20:00:00,0.257,18.44,0.73,6.15,38.8,0.6,0.3,flowering,0.6,0.32,0.14,37.8,0
2025-10-21 21:00:00,0.296,22.93,0.66,6.23,34.0,0.4,1.7,maturity,0.3,0.28,0.12,-4.9,0
2025-10-21 22:00:00,0.164,23.9,0.73,6.68,29.1,2.5,7.3,maturity,0.6,0.32,0.14,93.6,0
2025-10-21 23:00:00,0.243,23.24,0.67,6.22,33.1,0.0,0.2,flowering,0.3,0.28,0.12,11.2,0
2025-10-22 00:00:00,0.194,21.44,0.76,6.64,33.5,0.8,0.3,vegetative,0.3,0.28,0.12,25.8,1
2025-10-22 01:00:00,0.201,21.61,0.66,6.09,25.2,1.3,1.1,flowering,0.3,0.28,0.12,23.8,0
2025-10-22 02:00:00,0.196,22.13,0.74,6.75,23.9,0.7,3.4,maturity,0.3,0.28,0.12,25.1,1
2025-10-22 03:00:00,0.185,21.56,0.7,6.13,28.4,0.1,2.5,flowering,0.3,0.28,0.12,28.4,1
2025-10-22 04:00:00,0.222,24.89,0.81,6.67,32.3,3.6,0.7,flowering,0.3,0.28,0.12,17.4,0
2025-10-22 05:00:00,0.187,28.63,0.69,6.69,28.7,0.7,1.6,vegetative,0.3,0.28,0.12,28.0,1
2025-10-22 06:00:00,0.231,20.33,0.52,6.29,20.1,1.0,0.1,maturity,0.6,0.32,0.14,53.5,0
2025-10-22 07:00:00,0.218,17.89,0.83,6.67,24.0,0.3,3.8,flowering,0.6,0.32,0.14,61.2,1
2025-10-22 08:00:00,0.21,21.74,0.61,6.58,27.6,0.7,3.3,maturity,0.6,0.32,0.14,65.7,1
2025-10-22 09:00:00,0.184,29.74,0.63,6.34,27.6,0.6,0.2,vegetative,0.3,0.28,0.12,28.9,1
2025-10-22 10:00:00,0.197,19.59,0.64,6.2,37.9,0.1,0.4,vegetative,0.6,0.32,0.14,73.8,1
2025-10-22 11:00:00,0.25,26.92,0.84,5.91,21.1,0.1,0.1,vegetative,0.6,0.32,0.14,41.9,0
2025-10-22 12:00:00,0.24,27.03,0.49,6.6,30.5,1.8,0.3,flowering,0.3,0.28,0.12,12.0,0
2025-10-22 13:00:00,0.181,20.34,1.01,6.03,35.4,0.3,1.7,vegetative,0.3,0.28,0.12,29.7,1
2025-10-22 14:00:00,0.224,23.71,0.81,6.53,39.4,0.2,0.5,vegetative,0.3,0.28,0.12,16.8,0
2025-10-22 15:00:00,0.25,26.89,0.72,6.42,26.0,0.7,0.1,maturity,0.3,0.28,0.12,9.0,0
2025-10-22 16:00:00,0.153,20.86,0.69,6.7,30.5,1.5,0.4,vegetative,0.6,0.32,0.14,100.1,1
2025-10-22 17:00:00,0.242,21.39,0.73,6.41,30.8,0.1,4.0,maturity,0.6,0.32,0.14,47.0,0
2025-10-22 18:00:00,0.193,20.25,0.75,6.4,29.0,0.9,1.0,vegetative,0.3,0.28,0.12,26.0,1
2025-10-22 19:00:00,0.243,18.96,0.76,6.72,27.5,0.1,0.5,maturity,0.6,0.32,0.14,46.3,0
2025-10-22 20:00:00,0.189,20.05,0.76,6.6,30.2,0.0,0.2,flowering,0.6,0.32,0.14,78.3,1
2025-10-22 21:00:00,0.148,18.33,0.71,6.59,15.3,0.1,4.3,maturity,0.6,0.32,0.14,103.3,1
2025-10-22 22:00:00,0.155,22.1,0.68,6.64,31.4,1.8,1.7,maturity,0.3,0.28,0.12,37.5,1
2025-10-22 23:00:00,0.222,19.69,0.68,6.04,28.6,0.1,0.3,vegetative,0.6,0.32,0.14,58.8,1
2025-10-23 00:00:00,0.23,22.7,0.68,6.73,26.9,0.0,0.1,vegetative,0.3,0.28,0.12,14.9,0
2025-10-23 01:00:00,0.184,17.33,0.81,6.68,38.2,0.6,0.1,vegetative,0.3,0.28,0.12,28.9,1
2025-10-23 02:00:00,0.246,22.99,0.76,6.19,24.6,1.9,0.1,flowering,0.3,0.28,0.12,10.3,0
2025-10-23 03:00:00,0.154,24.5,0.41,6.43,26.0,0.3,0.9,maturity,0.3,0.28,0.12,37.9,1
2025-10-23 04:00:00,0.217,16.02,0.77,6.49,38.0,0.5,2.6,vegetative,0.6,0.32,0.14,61.6,1
2025-10-23 05:00:00,0.172,23.12,0.72,6.46,23.8,0.0,0.7,flowering,0.3,0.28,0.12,32.5,1
2025-10-23 06:00:00,0.194,25.68,0.7,6.6,25.2,0.6,1.9,vegetative,0.3,0.28,0.12,25.8,1
2025-10-23 07:00:00,0.222,18.37,0.66,6.93,27.3,0.9,0.6,maturity,0.3,0.28,0.12,17.4,0
2025-10-23 08:00:00,0.186,27.02,0.81,6.82,32.2,0.8,1.2,maturity,0.6,0.32,0.14,80.6,1
2025-10-23 09:00:00,0.205,23.26,0.79,6.11,29.0,0.4,1.3,vegetative,0.3,0.28,0.12,22.6,0
2025-10-23 10:00:00,0.26,19.88,0.62,6.69,21.5,0.4,0.2,vegetative,0.6,0.32,0.14,35.8,0
2025-10-23 11:00:00,0.197,21.83,0.74,6.9,25.3,0.1,0.4,vegetative,0.3,0.28,0.12,24.9,1
2025-10-23 12:00:00,0.253,23.67,0.6,6.62,25.0,0.5,1.0,flowering,0.3,0.28,0.12,8.0,0
2025-10-23 13:00:00,0.175,22.23,0.56,6.83,27.6,0.1,0.1,flowering,0.3,0.28,0.12,31.6,1
2025-10-23 14:00:00,0.241,23.62,0.64,7.1,30.1,1.5,0.4,vegetative,0.3,0.28,0.12,11.6,0
2025-10-23 15:00:00,0.278,19.24,0.79,6.81,30.1,3.4,0.8,vegetative,0.3,0.28,0.12,0.7,0
2025-10-23 16:00:00,0.121,22.51,0.8,6.57,19.1,3.5,5.6,vegetative,0.3,0.28,0.12,47.7,0
2025-10-23 17:00:00,0.188,17.76,0.75,6.81,33.3,2.0,0.6,flowering,0.6,0.32,0.14,79.1,1
2025-10-23 18:00:00,0.243,21.67,0.77,6.54,29.3,0.9,1.7,flowering,0.6,0.32,0.14,46.2,0
2025-10-23 19:00:00,0.212,19.29,0.75,6.51,34.9,1.2,0.6,vegetative,0.3,0.28,0.12,20.4,0
2025-10-23 20:00:00,0.235,19.79,0.64,6.39,30.2,0.3,1.6,flowering,0.3,0.28,0.12,13.5,0
2025-10-23 21:00:00,0.196,25.71,0.74,6.97,33.5,1.0,0.9,flowering,0.6,0.32,0.14,74.5,1
2025-10-23 22:00:00,0.223,25.27,0.78,6.25,30.3,0.6,2.2,vegetative,0.3,0.28,0.12,17.0,0
2025-10-23 23:00:00,0.214,23.83,0.78,6.96,34.7,0.7,0.5,vegetative,0.3,0.28,0.12,19.9,0
2025-10-24 00:00:00,0.267,18.72,0.82,6.65,30.6,1.4,0.9,flowering,0.6,0.32,0.14,32.0,0
2025-10-24 01:00:00,0.23,21.05,0.77,6.08,27.5,0.3,1.0,maturity,0.6,0.32,0.14,53.9,0
2025-10-24 02:00:00,0.234,25.64,0.74,6.61,39.4,0.4,0.5,vegetative,0.3,0.28,0.12,13.9,0
2025-10-24 03:00:00,0.204,22.43,0.81,5.87,32.4,2.6,0.2,vegetative,0.3,0.28,0.12,22.9,0
2025-10-24 04:00:00,0.2,28.96,0.7,6.69,30.9,0.1,0.1,vegetative,0.3,0.28,0.12,23.9,0
2025-10-24 05:00:00,0.203,23.18,0.61,6.77,21.6,0.7,0.0,flowering,0.6,0.32,0.14,70.4,1
2025-10-24 06:00:00,0.236,22.58,0.68,6.32,21.6,2.4,2.1,vegetative,0.3,0.28,0.12,13.3,0
2025-10-24 07:00:00,0.203,21.07,0.63,6.54,29.5,0.9,0.3,vegetative,0.3,0.28,0.12,23.1,0
2025-10-24 08:00:00,0.232,22.4,0.63,7.09,28.7,0.8,0.2,flowering,0.3,0.28,0.12,14.5,0
2025-10-24 09:00:00,0.303,21.54,0.69,6.35,24.9,0.3,1.3,flowering,0.3,0.28,0.12,-6.9,0
2025-10-24 10:00:00,0.255,24.12,0.62,6.18,28.7,0.4,0.4,vegetative,0.6,0.32,0.14,39.1,0
2025-10-24 11:00:00,0.207,24.87,0.67,6.94,35.9,1.9,0.7,vegetative,0.6,0.32,0.14,67.8,1
2025-10-24 12:00:00,0.268,19.64,0.51,7.09,31.5,0.8,0.2,flowering,0.6,0.32,0.14,31.2,0
2025-10-24 13:00:00,0.204,18.01,0.72,6.5,22.3,0.7,3.2,vegetative,0.3,0.28,0.12,22.9,0
2025-10-24 14:00:00,0.138,16.49,0.7,6.8,27.4,0.1,1.9,vegetative,0.3,0.28,0.12,42.5,1
2025-10-24 15:00:00,0.18,23.52,0.62,6.9,24.0,0.0,2.0,maturity,0.3,0.28,0.12,30.1,1
2025-10-24 16:00:00,0.145,18.69,0.77,6.28,26.1,3.3,0.5,vegetative,0.3,0.28,0.12,40.4,1
2025-10-24 17:00:00,0.206,15.54,0.79,6.35,25.9,0.5,1.4,flowering,0.6,0.32,0.14,68.4,1
2025-10-24 18:00:00,0.221,23.17,0.54,6.87,25.6,0.9,0.2,maturity,0.3,0.28,0.12,17.8,0
2025-10-24 19:00:00,0.287,29.48,0.62,7.01,21.7,0.1,0.0,vegetative,0.3,0.28,0.12,-2.1,0
2025-10-24 20:00:00,0.233,21.98,0.62,6.67,27.4,1.1,0.0,vegetative,0.3,0.28,0.12,14.1,0
2025-10-24 21:00:00,0.211,24.52,0.61,6.24,25.2,2.7,0.9,flowering,0.6,0.32,0.14,65.3,1
2025-10-24 22:00:00,0.253,22.25,0.78,7.1,15.0,0.9,0.6,maturity,0.3,0.28,0.12,8.0,0
2025-10-24 23:00:00,0.132,21.7,0.68,6.34,38.3,0.1,0.7,maturity,0.3,0.28,0.12,44.5,1
2025-10-25 00:00:00,0.229,24.76,0.67,6.4,33.4,0.9,0.0,flowering,0.3,0.28,0.12,15.2,0
2025-10-25 01:00:00,0.251,21.13,0.5,6.6,26.1,1.5,0.5,vegetative,0.6,0.32,0.14,41.5,0
2025-10-25 02:00:00,0.161,22.8,0.76,6.97,28.1,0.5,1.3,flowering,0.3,0.28,0.12,35.7,1
2025-10-25 03:00:00,0.266,22.97,0.58,6.76,22.1,2.1,0.6,vegetative,0.6,0.32,0.14,32.5,0
2025-10-25 04:00:00,0.234,20.0,0.71,6.62,36.5,1.0,1.3,vegetative,0.6,0.32,0.14,51.9,0
2025-10-25 05:00:00,0.203,24.98,0.73,6.64,37.5,2.3,0.3,vegetative,0.3,0.28,0.12,23.0,0
2025-10-25 06:00:00,0.245,21.48,0.84,6.51,28.8,1.0,1.7,vegetative,0.6,0.32,0.14,44.8,0
2025-10-25 07:00:00,0.311,19.73,0.57,6.67,33.1,0.1,0.9,flowering,0.3,0.28,0.12,-9.2,0
2025-10-25 08:00:00,0.227,23.61,0.4,5.74,28.9,0.4,0.2,vegetative,0.6,0.32,0.14,55.6,1
2025-10-25 09:00:00,0.23,19.3,0.72,6.41,21.3,0.2,0.3,vegetative,0.3,0.28,0.12,15.0,0
2025-10-25 10:00:00,0.202,22.08,0.88,6.57,25.9,2.4,1.0,vegetative,0.3,0.28,0.12,23.5,0
2025-10-25 11:00:00,0.186,21.97,0.82,6.15,28.7,1.4,1.8,maturity,0.3,0.28,0.12,28.2,1
2025-10-25 12:00:00,0.253,25.26,0.72,6.62,25.7,1.1,0.5,flowering,0.3,0.28,0.12,8.0,0
2025-10-25 13:00:00,0.186,23.42,0.65,6.44,26.9,0.4,0.3,vegetative,0.6,0.32,0.14,80.5,1
2025-10-25 14:00:00,0.223,21.92,0.78,7.03,27.5,0.2,2.0,vegetative,0.3,0.28,0.12,17.1,0
2025-10-25 15:00:00,0.201,24.45,0.6,6.97,27.6,1.4,1.1,vegetative,0.6,0.32,0.14,71.5,1
2025-10-25 16:00:00,0.239,26.17,0.75,6.36,28.3,0.6,0.6,maturity,0.3,0.28,0.12,12.3,0
2025-10-25 17:00:00,0.233,23.67,0.75,6.45,22.7,0.3,0.7,flowering,0.6,0.32,0.14,52.0,0
2025-10-25 18:00:00,0.262,22.03,0.81,6.48,24.4,1.0,0.2,flowering,0.3,0.28,0.12,5.5,0
2025-10-25 19:00:00,0.2,18.06,0.98,6.36,21.6,0.0,1.0,flowering,0.3,0.28,0.12,24.1,1
2025-10-25 20:00:00,0.209,18.8,0.74,6.56,32.9,0.4,0.4,vegetative,0.3,0.28,0.12,21.2,0
2025-10-25 21:00:00,0.181,21.08,0.65,6.27,17.5,0.6,5.4,maturity,0.6,0.32,0.14,83.5,0
2025-10-25 22:00:00,0.202,20.17,0.7,6.16,33.8,0.2,0.7,flowering,0.3,0.28,0.12,23.3,0
2025-10-25 23:00:00,0.235,21.44,0.52,6.69,34.9,4.2,0.7,vegetative,0.3,0.28,0.12,13.5,0
2025-10-26 00:00:00,0.25,22.17,0.63,6.69,26.5,0.2,0.8,vegetative,0.3,0.28,0.12,8.9,0
2025-10-26 01:00:00,0.183,23.59,0.66,6.26,15.0,0.1,2.5,flowering,0.6,0.32,0.14,82.1,1
2025-10-26 02:00:00,0.255,21.79,0.65,6.77,26.2,0.2,1.6,maturity,0.3,0.28,0.12,7.6,0
2025-10-26 03:00:00,0.274,23.46,0.72,6.31,27.7,1.5,0.6,vegetative,0.3,0.28,0.12,1.7,0
2025-10-26 04:00:00,0.237,22.19,0.62,6.58,22.9,0.6,1.3,maturity,0.3,0.28,0.12,13.0,0
2025-10-26 05:00:00,0.295,16.07,0.81,6.75,25.4,0.8,0.9,flowering,0.6,0.32,0.14,15.0,0
2025-10-26 06:00:00,0.189,19.18,0.7,6.49,35.7,0.0,0.7,vegetative,0.6,0.32,0.14,78.6,1
2025-10-26 07:00:00,0.17,21.57,0.7,6.64,31.3,0.0,0.2,vegetative,0.3,0.28,0.12,32.9,1
2025-10-26 08:00:00,0.149,18.37,0.67,6.35,23.4,0.6,0.6,vegetative,0.3,0.28,0.12,39.3,1
2025-10-26 09:00:00,0.28,23.8,0.72,6.44,20.0,1.7,0.3,flowering,0.3,0.28,0.12,0.0,0
2025-10-26 10:00:00,0.246,26.59,0.78,6.44,26.4,2.2,2.5,vegetative,0.3,0.28,0.12,10.1,0
2025-10-26 11:00:00,0.218,25.66,0.61,6.28,26.9,0.1,0.4,vegetative,0.3,0.28,0.12,18.7,0
2025-10-26 12:00:00,0.231,21.36,0.63,6.45,30.5,0.8,3.0,flowering,0.6,0.32,0.14,53.3,0
2025-10-26 13:00:00,0.175,26.47,0.67,6.04,25.3,2.4,0.8,flowering,0.3,0.28,0.12,31.5,1
2025-10-26 14:00:00,0.318,22.45,0.57,6.35,30.6,0.5,1.0,vegetative,0.6,0.32,0.14,1.3,0
2025-10-26 15:00:00,0.225,20.99,0.62,6.41,37.7,1.8,0.8,vegetative,0.3,0.28,0.12,16.4,0
2025-10-26 16:00:00,0.224,20.16,0.65,6.42,32.1,0.1,0.1,vegetative,0.6,0.32,0.14,57.4,1
2025-10-26 17:00:00,0.249,21.09,0.79,6.43,27.8,2.7,0.5,flowering,0.3,0.28,0.12,9.3,0
2025-10-26 18:00:00,0.239,20.84,0.73,6.48,27.1,1.4,0.1,maturity,0.3,0.28,0.12,12.2,0
2025-10-26 19:00:00,0.229,22.51,0.72,6.64,26.2,2.8,1.0,vegetative,0.3,0.28,0.12,15.3,0
2025-10-26 20:00:00,0.188,22.48,0.79,6.76,33.9,1.1,0.6,maturity,0.3,0.28,0.12,27.5,1
2025-10-26 21:00:00,0.239,22.01,0.69,6.31,24.9,0.5,1.5,flowering,0.3,0.28,0.12,12.3,0
2025-10-26 22:00:00,0.295,23.31,0.74,6.14,28.2,2.8,0.2,flowering,0.6,0.32,0.14,14.8,0
2025-10-26 23:00:00,0.274,25.57,0.69,6.19,28.3,0.3,0.2,flowering,0.6,0.32,0.14,27.7,0
2025-10-27 00:00:00,0.284,24.85,0.73,6.35,25.5,0.4,0.5,vegetative,0.3,0.28,0.12,-1.1,0
2025-10-27 01:00:00,0.2,17.55,0.64,6.39,21.1,1.2,2.6,vegetative,0.3,0.28,0.12,24.1,1
2025-10-27 02:00:00,0.18,14.34,0.46,6.27,29.6,1.4,1.2,flowering,0.3,0.28,0.12,29.9,1
2025-10-27 03:00:00,0.215,24.8,0.69,6.11,27.7,2.7,0.5,flowering,0.3,0.28,0.12,19.5,0
2025-10-27 04:00:00,0.222,17.9,0.84,6.36,30.5,0.2,0.7,flowering,0.3,0.28,0.12,17.3,0
2025-10-27 05:00:00,0.264,21.33,0.79,6.55,25.3,1.6,0.1,vegetative,0.6,0.32,0.14,33.7,0
2025-10-27 06:00:00,0.152,18.49,0.8,6.68,34.1,1.3,4.2,maturity,0.6,0.32,0.14,100.6,1
2025-10-27 07:00:00,0.281,16.59,0.82,6.33,23.6,0.1,1.1,flowering,0.6,0.32,0.14,23.3,0
2025-10-27 08:00:00,0.214,23.62,0.71,6.38,36.6,0.5,0.3,vegetative,0.3,0.28,0.12,19.9,0
2025-10-27 09:00:00,0.203,24.28,0.72,6.22,19.3,0.3,0.9,vegetative,0.6,0.32,0.14,70.2,1
2025-10-27 10:00:00,0.18,20.27,0.64,6.49,30.2,0.4,0.1,flowering,0.6,0.32,0.14,84.3,1
2025-10-27 11:00:00,0.154,14.23,0.67,6.25,30.4,4.1,3.4,flowering,0.3,0.28,0.12,37.9,1
2025-10-27 12:00:00,0.253,20.36,0.76,6.67,24.0,1.0,0.2,vegetative,0.3,0.28,0.12,8.1,0
2025-10-27 13:00:00,0.223,23.18,0.82,5.96,30.1,1.3,1.0,maturity,0.6,0.32,0.14,58.2,1
2025-10-27 14:00:00,0.168,17.56,0.69,6.39,34.4,3.8,0.3,vegetative,0.3,0.28,0.12,33.5,1
2025-10-27 15:00:00,0.168,22.55,0.65,6.59,16.9,0.5,1.3,vegetative,0.3,0.28,0.12,33.5,1
2025-10-27 16:00:00,0.207,21.95,0.7,6.56,30.5,1.6,1.5,maturity,0.3,0.28,0.12,22.0,0
2025-10-27 17:00:00,0.287,23.74,0.76,7.31,15.5,0.6,1.1,maturity,0.3,0.28,0.12,-2.0,0
2025-10-27 18:00:00,0.21,22.36,0.56,6.6,23.2,2.0,1.0,flowering,0.3,0.28,0.12,21.1,0
2025-10-27 19:00:00,0.16,19.08,0.47,6.2,36.1,0.2,2.2,maturity,0.6,0.32,0.14,96.1,1
2025-10-27 20:00:00,0.21,25.59,0.64,6.47,25.1,3.0,0.1,vegetative,0.6,0.32,0.14,65.9,1
2025-10-27 21:00:00,0.209,21.52,0.58,5.97,22.1,0.2,0.4,maturity,0.6,0.32,0.14,66.5,1
2025-10-27 22:00:00,0.112,21.92,0.65,6.48,27.0,0.4,0.3,vegetative,0.3,0.28,0.12,50.4,1
2025-10-27 23:00:00,0.218,19.2,0.69,6.25,38.3,1.4,4.4,vegetative,0.6,0.32,0.14,61.3,1
2025-10-28 00:00:00,0.211,20.67,0.65,6.77,18.8,0.5,0.5,vegetative,0.3,0.28,0.12,20.8,0
2025-10-28 01:00:00,0.248,19.35,0.85,6.34,22.7,0.9,1.3,vegetative,0.3,0.28,0.12,9.6,0
2025-10-28 02:00:00,0.294,21.48,0.73,6.46,35.5,0.6,1.2,vegetative,0.3,0.28,0.12,-4.2,0
2025-10-28 03:00:00,0.265,27.14,0.73,6.31,37.3,1.4,0.2,vegetative,0.3,0.28,0.12,4.5,0
2025-10-28 04:00:00,0.209,17.88,0.76,7.02,27.5,0.3,0.3,vegetative,0.3,0.28,0.12,21.2,0
2025-10-28 05:00:00,0.176,17.16,0.59,6.4,21.8,0.1,0.3,vegetative,0.3,0.28,0.12,31.3,1
2025-10-28 06:00:00,0.323,26.41,0.8,7.05,38.5,0.4,0.5,flowering,0.3,0.28,0.12,-12.9,0
2025-10-28 07:00:00,0.222,21.37,0.69,6.74,36.0,0.6,0.3,vegetative,0.3,0.28,0.12,17.3,0
2025-10-28 08:00:00,0.221,19.99,0.77,6.64,31.4,0.2,0.0,vegetative,0.6,0.32,0.14,59.7,1
2025-10-28 09:00:00,0.219,25.12,0.59,6.61,23.9,0.4,2.1,flowering,0.3,0.28,0.12,18.3,0
2025-10-28 10:00:00,0.228,20.18,0.54,6.62,27.8,0.5,3.4,maturity,0.6,0.32,0.14,55.2,1
2025-10-28 11:00:00,0.214,27.48,0.78,5.92,27.2,0.1,0.4,flowering,0.3,0.28,0.12,19.7,0
2025-10-28 12:00:00,0.197,24.03,0.74,6.42,29.7,0.9,0.4,vegetative,0.3,0.28,0.12,24.9,1
2025-10-28 13:00:00,0.198,20.54,0.61,6.75,35.3,2.2,0.0,flowering,0.6,0.32,0.14,73.1,1
2025-10-28 14:00:00,0.219,28.47,0.61,6.49,32.4,0.2,1.1,vegetative,0.3,0.28,0.12,18.4,0
2025-10-28 15:00:00,0.198,20.18,0.81,6.08,22.6,0.9,1.7,vegetative,0.3,0.28,0.12,24.5,1
2025-10-28 16:00:00,0.191,24.23,0.58,6.48,34.9,1.1,0.2,vegetative,0.6,0.32,0.14,77.1,1
2025-10-28 17:00:00,0.224,22.9,0.86,7.01,29.6,0.5,0.2,maturity,0.3,0.28,0.12,16.7,0
2025-10-28 18:00:00,0.21,25.91,0.61,6.87,31.4,1.2,1.6,vegetative,0.6,0.32,0.14,66.1,1
2025-10-28 19:00:00,0.28,26.68,0.76,6.48,35.3,0.5,1.0,vegetative,0.3,0.28,0.12,-0.0,0
2025-10-28 20:00:00,0.114,22.1,0.67,6.79,22.4,0.7,0.0,vegetative,0.3,0.28,0.12,49.8,1
2025-10-28 21:00:00,0.264,19.74,0.76,6.39,27.8,0.0,1.0,maturity,0.3,0.28,0.12,4.9,0
2025-10-28 22:00:00,0.27,23.38,0.65,5.99,25.3,1.2,0.4,flowering,0.3,0.28,0.12,3.0,0
2025-10-28 23:00:00,0.137,19.97,0.68,6.22,20.2,1.1,0.5,vegetative,0.6,0.32,0.14,109.8,1
2025-10-29 00:00:00,0.206,28.04,0.7,6.97,29.7,0.0,1.5,flowering,0.6,0.32,0.14,68.2,1
2025-10-29 01:00:00,0.205,22.41,0.6,6.42,40.0,0.5,1.7,flowering,0.3,0.28,0.12,22.5,0
2025-10-29 02:00:00,0.164,20.9,0.77,6.43,18.8,3.9,0.5,flowering,0.3,0.28,0.12,34.9,1
2025-10-29 03:00:00,0.189,22.55,0.65,6.41,27.8,0.5,2.9,vegetative,0.6,0.32,0.14,78.7,1
2025-10-29 04:00:00,0.176,17.96,0.68,7.07,31.2,0.7,0.5,maturity,0.3,0.28,0.12,31.3,1
2025-10-29 05:00:00,0.29,19.09,0.6,6.99,28.6,2.4,1.5,vegetative,0.3,0.28,0.12,-3.0,0
2025-10-29 06:00:00,0.257,25.6,0.44,7.17,27.4,1.3,0.7,flowering,0.3,0.28,0.12,6.8,0
2025-10-29 07:00:00,0.271,20.03,0.68,6.45,21.5,0.9,2.3,vegetative,0.3,0.28,0.12,2.7,0
2025-10-29 08:00:00,0.249,18.86,0.94,6.59,29.2,1.6,2.4,vegetative,0.6,0.32,0.14,42.7,0
2025-10-29 09:00:00,0.175,23.61,0.78,6.05,24.2,2.0,0.1,vegetative,0.6,0.32,0.14,87.1,1
2025-10-29 10:00:00,0.199,25.56,0.7,6.94,17.1,0.6,2.8,flowering,0.3,0.28,0.12,24.3,1
2025-10-29 11:00:00,0.24,24.16,0.67,6.15,34.0,0.6,1.7,vegetative,0.3,0.28,0.12,12.1,0
2025-10-29 12:00:00,0.171,24.99,0.7,6.57,32.8,0.5,1.6,flowering,0.3,0.28,0.12,32.7,1
2025-10-29 13:00:00,0.249,19.73,0.75,6.17,28.3,3.4,0.2,vegetative,0.3,0.28,0.12,9.4,0
2025-10-29 14:00:00,0.21,17.73,0.58,6.32,29.1,1.2,1.6,flowering,0.3,0.28,0.12,20.9,0
2025-10-29 15:00:00,0.205,26.5,0.81,6.25,33.4,0.1,1.9,maturity,0.6,0.32,0.14,69.0,1
2025-10-29 16:00:00,0.248,21.03,0.77,6.32,29.1,2.0,0.3,flowering,0.3,0.28,0.12,9.5,0
2025-10-29 17:00:00,0.238,21.25,0.77,6.34,32.5,0.7,3.0,flowering,0.3,0.28,0.12,12.7,0
2025-10-29 18:00:00,0.206,25.98,0.74,6.34,26.5,0.1,0.1,flowering,0.3,0.28,0.12,22.3,0
2025-10-29 19:00:00,0.266,23.67,0.7,6.75,34.6,0.8,0.2,vegetative,0.3,0.28,0.12,4.1,0
2025-10-29 20:00:00,0.177,23.37,0.77,6.17,29.6,0.5,0.8,maturity,0.3,0.28,0.12,31.0,1
2025-10-29 21:00:00,0.245,28.5,0.76,6.57,29.0,2.1,0.9,vegetative,0.6,0.32,0.14,45.2,0
2025-10-29 22:00:00,0.244,20.07,0.66,6.87,21.6,0.2,1.0,flowering,0.3,0.28,0.12,10.9,0
2025-10-29 23:00:00,0.208,24.78,0.64,6.35,29.4,1.8,0.0,flowering,0.6,0.32,0.14,67.4,1
2025-10-30 00:00:00,0.233,22.17,0.71,6.28,23.8,0.8,3.2,vegetative,0.3,0.28,0.12,14.1,0
2025-10-30 01:00:00,0.17,22.81,0.85,6.43,24.8,0.1,0.0,vegetative,0.3,0.28,0.12,33.0,1
2025-10-30 02:00:00,0.257,26.59,0.58,6.85,23.9,3.6,0.2,vegetative,0.3,0.28,0.12,6.9,0
2025-10-30 03:00:00,0.213,23.52,0.55,6.56,22.7,0.7,0.0,maturity,0.3,0.28,0.12,20.2,0
2025-10-30 04:00:00,0.199,23.61,0.72,6.34,38.6,0.3,0.8,maturity,0.3,0.28,0.12,24.3,1
2025-10-30 05:00:00,0.262,25.22,0.71,6.65,34.7,0.6,2.7,flowering,0.3,0.28,0.12,5.4,0
2025-10-30 06:00:00,0.192,20.91,0.72,6.17,37.6,2.0,1.1,flowering,0.6,0.32,0.14,76.9,1
2025-10-30 07:00:00,0.164,19.48,0.72,6.7,21.9,0.4,1.7,maturity,0.6,0.32,0.14,93.8,1
2025-10-30 08:00:00,0.158,18.87,0.68,6.62,28.4,0.2,0.0,vegetative,0.3,0.28,0.12,36.7,1
2025-10-30 09:00:00,0.244,16.1,0.85,6.41,21.5,0.1,0.8,vegetative,0.3,0.28,0.12,10.7,0
2025-10-30 10:00:00,0.169,28.17,0.54,6.25,24.5,0.4,0.6,flowering,0.3,0.28,0.12,33.4,1
2025-10-30 11:00:00,0.29,18.69,0.62,6.23,23.4,1.5,0.7,maturity,0.3,0.28,0.12,-3.1,0
2025-10-30 12:00:00,0.137,21.34,0.69,6.66,34.2,0.6,0.1,maturity,0.3,0.28,0.12,43.0,1
2025-10-30 13:00:00,0.288,21.17,0.54,6.87,26.0,0.3,1.2,vegetative,0.6,0.32,0.14,19.3,0
2025-10-30 14:00:00,0.228,22.92,0.68,6.31,33.3,0.2,0.7,vegetative,0.3,0.28,0.12,15.5,0
2025-10-30 15:00:00,0.216,24.45,0.87,6.64,31.0,0.4,1.4,vegetative,0.3,0.28,0.12,19.2,0
2025-10-30 16:00:00,0.198,24.58,0.7,5.87,39.5,2.8,0.7,vegetative,0.3,0.28,0.12,24.5,1
2025-10-30 17:00:00,0.236,20.25,0.72,6.32,20.6,0.4,0.2,vegetative,0.3,0.28,0.12,13.2,0
2025-10-30 18:00:00,0.218,21.5,0.57,6.49,34.3,4.4,1.0,flowering,0.6,0.32,0.14,60.9,1
2025-10-30 19:00:00,0.264,22.85,0.64,6.23,33.7,0.7,0.2,vegetative,0.3,0.28,0.12,4.8,0
2025-10-30 20:00:00,0.225,21.25,0.66,6.22,23.1,0.2,2.1,maturity,0.3,0.28,0.12,16.6,0
2025-10-30 21:00:00,0.226,26.82,0.67,6.3,33.0,2.2,0.9,vegetative,0.6,0.32,0.14,56.4,1
2025-10-30 22:00:00,0.205,23.47,0.83,6.59,29.7,0.6,0.2,flowering,0.3,0.28,0.12,22.4,0
2025-10-30 23:00:00,0.218,24.2,0.76,6.44,26.9,1.2,3.3,vegetative,0.6,0.32,0.14,61.4,1
